smiles,split
CC1C2CCC(C2)C1CN(CCO)C(=O)c1ccc(Cl)cc1,test
COc1ccc(-c2cc(=O)c3c(O)c(OC)c(OC)cc3o2)cc1O,test
CCOC(=O)c1ncn2c1CN(C)C(=O)c1cc(F)ccc1-2,test
Clc1ccccc1-c1nc(-c2ccncc2)no1,test
CC(C)(Oc1ccc(Cl)cc1)C(=O)OCc1cccc(CO)n1,test
Cc1nc2c(OCc3ccccc3)cccn2c1CC#N,test
O=C1c2cccnc2CN1Cc1ccccc1Cl,test
O=C(NC1CCc2ccccc2C1)c1ccncc1,test
OC(Cn1cncn1)(Cn1cncn1)c1ccc(F)cc1F,test
Cc1[nH]cnc1Cc1nc(-c2ccccc2)cs1,test
COc1ccc(-c2nc3n(c2-c2ccncc2)CCC3)cc1,test
CC(=O)NC(C(=O)NCc1ccccc1)c1ccco1,test
COc1ccc(C2CNC(=O)C2)cc1OC1CCCC1,test
CCCn1c(=O)c2[nH]c(C3CCC(=O)C3)nc2n(CCC)c1=O,test
C=C1C(CO)C(O)CC1n1cnc2c(=O)[nH]c(N)nc21,test
COc1cc(CNc2ccc(C)cc2)cc(OC)c1OC,test
O=C(NCCc1cccc2ccccc12)C1CCC1,test
O=C1c2ccccc2-c2c3c(cc4ccnc1c24)OCO3,test
O=C(CN1C(=O)c2ccccc2S1(=O)=O)Nc1ccc(O)cc1,test
Cc1ccc(Sc2cncc3sc(C(N)=O)cc23)cc1,test
Cc1ccc2nc(N)[nH]c(=O)c2c1Sc1ccncc1,test
COc1cc2ncc(NC3CCC(O)CC3)nc2cc1OC,test
Nc1cnc(-c2cc(Cl)cc(Cl)c2Cl)c(N)n1,test
CCN1c2ncccc2NC(=O)c2cc(Br)cnc21,test
CC(C(=O)NC1CC1)S(=O)(=O)c1ccccc1Br,test
Nc1nnc(-c2ccc(N)c(Cl)c2Cl)c(N)n1,test
Cc1cc(NC(=O)Nc2ccc3c(ccn3C)c2)on1,test
NS(=O)(=O)c1cc(C2(O)NC(=O)c3ccccc32)ccc1Cl,test
c1ccc2[nH]c(CSc3ncnc4ccccc34)nc2c1,test
CN(C)c1ncnc2c1ncn2C1OC(CO)C(O)C1O,test
CNC(=O)OCc1c2ccncc2c(C)c2c1[nH]c1ccccc12,test
COc1ccc(-c2cc(C(F)(F)F)n3nc(C(N)=O)cc3n2)cc1,test
Cc1cc(C)n(-c2nc(N3CCOCC3)nc(N3CCOCC3)n2)n1,test
Cc1ccc(S(=O)(=O)NCc2ccccc2)cc1,test
CC(=O)Nc1ccc(S(=O)(=O)NC2CCCCC2)cc1,test
O=C(Nc1nnc(C2CC2)s1)c1csc2ccccc12,test
CCN(CC)C(=O)c1ccc(NC(C)=O)c(Cl)c1,test
Cc1ccccc1C(=O)Nc1ccccc1C(=O)N1CCCC1,test
Fc1ccccc1CSc1nnnn1-c1ccc2c(c1)OCO2,test
CS(=O)(=O)N(Cc1ccccc1)Cc1ccccc1,test
CC1CCCN(C(=O)c2ccc(Br)cc2)C1,test
COc1ccc(CNC(=O)c2ccccc2Cl)cc1,test
CCOC(=O)c1ccc(NC(=O)Cc2ccccc2)cc1,test
O=S(=O)(c1ccccc1)N(Cc1ccccc1)c1ccccn1,test
CCOC(=O)C1CCN(C(=O)c2ccccc2Br)CC1,test
COC(=O)c1ccc(NC(=O)Cc2ccc(OC)cc2)cc1,test
COC(=O)c1ccc(NC(=O)c2c(OC)cccc2OC)cc1,test
Cc1cc(Br)ccc1NC(=O)c1cccnc1,test
CC(=O)Nc1cccc(NS(=O)(=O)c2ccc(F)cc2)c1,test
Cc1cccc(=NS(=O)(=O)c2cc(Cl)ccc2Cl)[nH]1,test
CC(=O)Nc1ccc(S(=O)(=O)NCc2ccc(C)cc2)cc1,test
Cc1cc(Br)ccc1NC(=O)C(C)C,test
CCNC(=O)c1c(-c2ccccc2Cl)noc1C,test
CN(Cc1ccccc1)S(=O)(=O)c1ccc(Br)cc1,test
COc1ccc(C(=O)Nc2ccccc2C(C)C)cc1OC,test
O=C(c1ccco1)N1CCN(c2cccc(Cl)c2)CC1,test
COc1cccc(C(=O)Nc2nc3ccccc3s2)c1,test
CCOc1ccccc1NC(=O)c1ccc(N(C)C)cc1,test
CC(=O)Nc1ccc(C(=O)NC(C)c2ccccc2)cc1,test
CC(=O)Nc1ccc(C(=O)NCc2cccnc2)cc1,test
CC(=O)Nc1ccc(C(=O)N2CCc3ccccc32)cc1,test
CC(=O)Nc1ccc(C(=O)Nc2cccnc2)cc1,test
CC(=O)Oc1ccccc1C(=O)n1cnc2ccccc21,test
CC(=O)Oc1ccccc1C(=O)Nc1ccc(S(N)(=O)=O)cc1,test
NC(=O)c1ccccc1NC(=O)c1cc(Cl)ccc1Cl,test
NC(=O)c1ccccc1NC(=O)CC(c1ccccc1)c1ccccc1,test
NS(=O)(=O)c1ccc(CNC(=O)N2CCOCC2)cc1,test
CCCC(C)NS(=O)(=O)c1ccc(Cl)cc1,test
CCC(C(=O)NCc1ccccn1)c1ccccc1,test
O=C(Cc1cccs1)Nc1ccc(Cl)cc1,test
CC(Oc1ccccc1)C(=O)Nc1ccccc1F,test
CC(C)NC(=O)Cc1ccc(Br)cc1,test
CCN(Cc1ccccc1)C(=O)Cc1cccs1,test
CC(=O)Nc1cccc(NC(=O)Cc2ccc(Br)cc2)c1,test
N#Cc1ccccc1NC(=O)Cc1ccc(Br)cc1,test
CCOc1ccccc1NC(=O)Cc1cccs1,test
NC(=O)c1ccc(NC(=O)Cc2cccs2)cc1,test
COc1cc(SC)ccc1C(=O)N1CCc2ccccc2C1,test
COc1cc(SC)ccc1C(=O)Nc1ccc(NC(C)=O)cc1,test
COc1cc(SC)ccc1C(=O)Nc1ccc(C(N)=O)cc1,test
CC(Oc1ccccc1)C(=O)NCc1ccncc1,test
CCOC(=O)C1CCCN(C(=O)c2ccccc2F)C1,test
CC(=O)Nc1nonc1NC(=O)c1ccccc1Cl,test
Cc1cc(NC(=O)Nc2cccc3ccccc23)no1,test
Cc1nc2ccccc2c(=O)n1-c1ccc(F)c(F)c1F,test
COc1cc(OC)cc(C(=O)Nc2cc(C)on2)c1,test
CCOc1ccc(C(=O)Nc2ccc(N(C)C(C)=O)cc2)cc1,test
CC(=O)Oc1ccccc1C(=O)NCc1ccc2c(c1)OCO2,test
CCOC(=O)c1cccc(NC(=O)N2CCOCC2)c1,test
NS(=O)(=O)c1ccc(CCNC(=O)N2CCOCC2)cc1,test
CC(=O)N(C)c1ccc(NC(=O)N2CCOCC2)cc1,test
CCOC(=O)C1CCCN(C(=O)Cc2ccc(Cl)cc2)C1,test
Cc1nnc(NC(=O)Cc2ccc(Br)cc2)s1,test
CCC(C)C(=O)NCCc1ccc(S(N)(=O)=O)cc1,test
Cn1c(=O)c2cc(C#N)c(=O)oc2c2ccccc21,test
c1cnc2c(SCC3CCOCO3)cccc2c1,test
O=C(CSc1nc2ncccc2[nH]1)N1CCOCC1,test
Cn1c(=O)c2c(nc3n(CCO)c(-c4cccs4)cn23)n(C)c1=O,test
Cn1c(SCc2ccc3c(c2)OCO3)nc2ccccc2c1=O,test
O=C(Nc1ccccc1C(=O)NCc1ccco1)c1ccc(F)cc1,test
O=C1CC(C(=O)NCCc2ccccc2)C2(CCCCC2)O1,test
Cc1nc2ccccc2c(=O)n1NC(=O)c1ccc(F)cc1,test
COc1ccc(C(=O)NCc2ccc(Cl)cc2)cc1OC,test
CCN(CC)S(=O)(=O)c1cccc(C(=O)Nc2cc(C)ccn2)c1,test
Cc1onc(-c2c(F)cccc2Cl)c1C(=O)NCc1ccncc1,test
COc1ccc(-n2nnnc2SCc2nc3ccccc3[nH]2)cc1,test
C#CC(C)(CC)NC(=O)CN1c2cccc3cccc(c23)S1(=O)=O,test
Nc1nonc1C(=O)OCC(=O)N1CCCCC1,test
CC1(C(=O)NCc2ccco2)COC(c2ccccc2)OC1,test
CCNS(=O)(=O)c1ccc(C)c(-n2cnnn2)c1C,test
Cc1ccccc1N1CCN(C(=O)c2ccccc2O)CC1,test
O=C(Nc1ccccc1Cl)c1cc2c([nH]c1=O)CCCC2,test
O=C(Nc1ccccc1)c1ccc(-c2ccccc2)[nH]c1=O,test
NC(=O)CSc1nc2ccccc2n1C(=O)Oc1ccccc1,test
Cc1nn(C(=O)c2ccco2)c(C)c1Br,test
Cc1nc2sccn2c1-c1csc(Nc2ccccn2)n1,test
COc1cc(C2CC(=O)Nc3ccc4ccccc4c32)cc(OC)c1O,test
Cc1ccc(N2C(=O)c3ccccc3NC2(C)C)cc1Cl,test
Cc1oc2c(c1C(=O)Nc1ccc3c(c1)OCO3)CCCC2,test
CCC(=O)Nc1nc(C)cc2c1c(=O)oc1ccccc12,test
CCOC(=O)Cc1c(C)nc2c(C#N)c(C)nn2c1C,test
COc1ccccc1C(=O)Nc1ccc2c(c1)OCO2,test
N#Cc1c(NC(=O)c2ccc3c(c2)OCO3)sc2c1CCCC2,test
COc1ccccc1C(=O)Nc1ccc(S(N)(=O)=O)cc1,test
COc1ccc(NC(=O)c2cccc(F)c2)c(OC)c1,test
COc1ccccc1C(=O)Nc1sc(C)c(C)c1C(N)=O,test
COc1ccccc1C(=O)Nc1nc(C)c(C(C)=O)s1,test
CCC(C(=O)Nc1cccc(NC(C)=O)c1)c1ccccc1,test
CCOc1ccc(C(=O)NCc2ccccn2)cc1,test
COc1ccccc1NC(=O)Cc1ccc(F)cc1,test
COC(=O)Nc1c(C)cc(Br)cc1C,test
COc1cc(C(=O)NCc2ccccc2F)cc(OC)c1OC,test
O=C(NCc1ccccn1)C(c1ccccc1)c1ccccc1,test
Cc1ccc(NC(=O)c2cccc(C(=O)Nc3ccc(C)cn3)c2)nc1,test
O=C(Nc1ccc(Br)cn1)c1cc2ccccc2o1,test
O=C(CSc1nnnn1-c1ccccc1)NCc1ccco1,test
O=C(CSc1cccc2cccnc12)Nc1ccccc1,test
COc1cc(C)ccc1S(=O)(=O)NCc1ccco1,test
Cc1cc(N)n(-c2ccc(OC(F)(F)Cl)cc2)n1,test
CCOc1ccc(NC(=O)CSc2ncccn2)cc1,test
COc1ccc(S(=O)(=O)c2cc(O)ccc2O)cc1,test
CCOC(=O)c1c(C)n(C)c2cc(Br)c(O)cc12,test
Cn1c(=O)c2c(nc(SCC(=O)NC(C)(C)C)n2C)n(C)c1=O,test
c1csc(-c2cn3nc4c(nc3n2)CCCC4)c1,test
O=C(NCc1cccnc1)NC1(c2ccccc2)CC1,test
CSc1c(C(N)=O)c(C(N)=O)c2nc(C)cc(C)n12,test
CCOc1ccc(NC(=O)Cc2ccccc2OC)cc1,test
COc1ccc(CCC(=O)Nc2cccc(C)n2)cc1,test
Cc1ccccc1OCC(=O)Nc1ccc(CC#N)cc1,test
O=C(c1ccc(Cl)cc1Cl)N1CCCCC1,test
COc1ccc(C(=O)N2CCN(c3ccc(F)cc3)CC2)cc1,test
O=S(=O)(NCc1ccccn1)c1ccc(F)cc1,test
COc1ccc(CCNC(=O)c2c(C)nc3ccccn23)cc1,test
N#CCn1nnc(C(=O)c2ccco2)c1-c1ccccc1,test
Cc1ccc(S(=O)(=O)CC(=O)NC2CC2)cc1,test
Cc1ccc(-c2nnc(-n3ncc(C#N)c3N)c3ccccc23)cc1,test
Cc1noc(C)c1COc1ccc2c(C)cc(=O)oc2c1,test
O=C(Cn1cnc2ccccc2c1=O)c1ccc(F)cc1,test
O=C(NCCc1ccccc1F)c1ccc2ccccc2n1,test
COc1ccc(-c2csc(N3CCOCC3)n2)cc1OC,test
O=C(Nc1cccc2c(NC(=O)c3ccco3)cccc12)c1ccco1,test
CC(=O)c1ccc(NC(=O)c2ccccc2Cl)cc1,test
O=c1cc(-c2cccc(O)c2)oc2cc(O)ccc12,test
O=S(=O)(Nc1cccnc1)c1ccc(F)cc1,test
CCOC(=O)N1CCN(c2nc(-c3ccc(OC)cc3)cs2)CC1,test
COc1ccccc1OCC(=O)NC1CCCCC1,test
COc1cccc(-c2oc3ccccc3c(=O)c2O)c1,test
COc1cccc(-c2cc(=O)c3cc(O)ccc3o2)c1,test
COc1cccc2oc(-c3ccc(O)cc3)cc(=O)c12,test
O=C(CSc1nc2ccccc2s1)Nc1nccs1,test
COc1ccc(C(=O)Nc2c[nH]c(=O)[nH]c2=O)cc1,test
CCOC(=O)c1c(NC(C)=O)sc(C(C)=O)c1C,test
CCOC(=O)C(C)Oc1ncnc2cccc(F)c12,test
CC(=O)c1cc(Cl)ccc1OC(=O)c1cccnc1,test
COC(=O)c1cccnc1Oc1cccc(C(F)(F)F)c1,test
O=S(=O)(NCc1ccc2c(c1)OCO2)c1ccc(F)cc1,test
COC(=O)C1=C(C)NC(=O)NC1c1ccc(O)c(OC)c1,test
COC(=O)Nc1ccc(S(=O)(=O)Nc2ccccc2OC)cc1,test
CCCc1cc(=O)oc2cc(OCC(=O)OC)ccc12,test
O=C1CCCCCC1C1(O)C(=O)Nc2ccccc21,test
O=C(Nc1ccccc1)c1cc2ccccc2oc1=O,test
NC(=O)c1c(NC(=O)Cc2ccccc2)sc2c1CCCC2,test
Cc1nnc(NC(NC(=O)c2ccco2)C(=O)c2ccccc2)s1,test
COc1cc(C(=O)Nc2ccccc2Cl)cc(OC)c1OC,test
Cc1ccc(N2CC(O)Cn3c2nc2c3c(=O)[nH]c(=O)n2C)cc1,test
Cc1c(NC(=O)c2cccc(F)c2)c(=O)n(-c2ccccc2)n1C,test
CC(C)(C)C(=O)C(Oc1ccc(Cl)cc1)n1cnnc1,test
Cc1ccccc1NC(=O)c1c[nH]c2ccccc2c1=O,test
O=C(Nc1ccc2[nH]c(=O)[nH]c2c1)c1cccc(F)c1,test
CCOc1nc2ccccc2c(=O)n1Cc1ccccc1,test
COC(=O)COc1cc(C)cc2oc(=O)c3c(c12)CCCC3,test
Cc1cccc(Cn2c(SC(C)C)nc3c2c(=O)[nH]c(=O)n3C)c1,test
COc1ccccc1C1NC(=O)NC(C)=C1C(=O)OCC(C)C,test
CCOC(=O)C1C(=O)CC(C)(O)C(C(=O)OCC)C1c1ccco1,test
CCOC(=O)C1C(=O)C(=O)N(c2ccccc2)C1c1ccccc1,test
COc1cc(C(=O)Nc2nccs2)cc(OC)c1OC,test
O=c1nc(C(Cl)(Cl)Cl)nc2ccccn12,test
CCOC(=O)CSc1nnnn1-c1ccc(C(N)=O)cc1,test
Cn1c(-c2nonc2NC(=O)c2ccc(F)cc2)nc2ccccc21,test
O=c1c2ccccc2n2nnnc2n1-c1ccccc1,test
O=C(CCC(=O)Nc1nccs1)Nc1nccs1,test
CCc1cc(C(=O)Cc2nc(C)cs2)c(O)cc1O,test
COC(=O)C(Cc1ccc(O)cc1)NC(=O)c1ccco1,test
CCOC(=O)c1c(NC(=O)CC)sc(C(C)=O)c1C,test
COc1ccc(OCC(=O)NCc2ccccc2)cc1,test
O=C(COc1ccccc1)Nc1ccccc1Cl,test
CC(=O)c1ccc(NC(=O)Nc2ccccc2)cc1,test
CCC(=O)Nc1ccc(NCC(=O)Nc2ccc(F)cc2)cc1,test
Cc1cccc(OCC(=O)N2CC(=O)Nc3ccccc32)c1,test
CCOC(=O)C1=C(C)NC(=O)NC1C=Cc1ccccc1,test
Cc1cc(=O)oc2cc(OCC(=O)Nc3ccccn3)ccc12,test
Cn1ccnc1SCC(=O)Nc1ccc(Cl)c(C(F)(F)F)c1,test
O=S(=O)(c1cc(Cl)ccc1Cl)n1ccnc1,test
CC(=O)Oc1ccc(C=c2sc3nc4ccccc4n3c2=O)cc1,test
O=C(NC1CCCCC1)C1CC(O)CN1C(=O)OCc1ccccc1,test
CC(=O)Oc1cccc(C=c2sc3nc4ccccc4n3c2=O)c1,test
COc1ccc(CCN2C(=O)OC(C)(C)C2(C)O)cc1OC,test
CC(=O)Oc1ccc(C(=O)Nc2ccc(F)cc2)cc1,test
COc1ccccc1CNC(=O)c1ccc(OC(C)=O)cc1,test
CC(=O)Oc1ccc(C(=O)Nc2ccccc2C(C)C)cc1,test
CCOC(=O)CSc1nc(CC)c(C)cc1C#N,test
OC1COC(Nc2ccc(Br)cc2)C(O)C1O,test
O=C(NCc1ccc2c(c1)OCO2)c1cccs1,test
Cn1c(=O)n(C)c2cc(C(=O)c3ccccc3)ccc21,test
N#Cc1ccc(-c2ccccc2)nc1SCC(N)=O,test
Cc1ccc(N2CC(C(=O)NC(C)c3ccccc3)CC2=O)cc1,test
COCc1cc(C)nc(SCc2ccccc2)c1C#N,test
COC(=O)c1ccccc1NC(=O)CSc1nc(C)cc(C)n1,test
CCOC(=O)c1cc(C(=O)OCC)c(C)nc1C,test
O=C(NC1CCCCC1)C1CC(=O)N(c2ccccc2)C1,test
O=C(CSc1nc2ccccc2o1)Nc1ccc(Cl)cn1,test
Cc1cc(C)nc(SCC(=O)Nc2ccc(Cl)cn2)n1,test
N#Cc1ccc(NC(=O)CSc2ccccn2)cc1,test
Cc1cc(C(F)(F)F)c(C#N)c(SCC(=O)NC2CC2)n1,test
COC(=O)c1ccc(OCC(=O)Nc2nc3c(s2)CCCC3)cc1,test
O=C(Nc1nc(-c2ccc(F)cc2)cs1)c1cccnc1,test
Nc1nonc1C(=O)OCC(=O)Nc1ccccc1,test
Nc1ccc2nc(SCC(=O)Nc3ccccc3F)sc2c1,test
CCCC(=O)Nc1nnc(C2CCCCC2)s1,test
N#Cc1c(NC(=O)CSc2ccccn2)sc2c1CCCC2,test
O=C(Nc1ccc(Cl)c(C(=O)N2CCOCC2)c1)c1ccccc1,test
Nc1nc(-c2cccnc2)nc2c1c(=O)oc1ccccc12,test
CCc1ccc(NC(=O)CSc2nnc3n(N)cnn23)cc1,test
CC(Cc1ccc2c(c1)OCO2)N(C)C(=O)c1ccc(F)cc1,test
Clc1cccc(Cl)c1COc1ccccc1CNn1cnnc1,test
CC(=O)Nc1nnc(Cc2c[nH]c3ccccc23)s1,test
O=c1c2ccccc2ncn1-c1ccc(F)c(Cl)c1,test
Cc1c(C(=O)N2CCCC2)nnn1-c1nonc1N,test
Nc1c(C(=O)C2CC2)oc2ccc(Br)cc12,test
Cc1ccc(N2CC(C(=O)Nc3cccc(C)n3)CC2=O)cc1,test
O=C(c1cc(F)c(F)cc1Br)N1CCOCC1,test
Cc1cc(C)nc(SCC(O)COCc2ccccc2)n1,test
Cn1ccnc1SCC(=O)c1cc2ccccc2oc1=O,test
CCOc1cc(NC(=O)c2ccccc2)c(OCC)cc1N,test
COc1ccc(C2c3c(noc3C)CC(C)(O)C2C(C)=O)cc1,test
CC1(C)Nc2ccccc2C(=O)N1c1cccc(C(F)(F)F)c1,test
O=C(c1ccccc1)c1ccccc1C(=O)N1CCOCC1,test
O=C(COc1ccc(Cl)cc1)Nc1ncccn1,test
CC(=O)Nc1scc(-c2ccccc2)c1C(=O)N1CCOCC1,test
COc1ccc(C(=O)Nc2ccncc2)c(OC)c1,test
CN(C)c1cccc(NC(=O)Cc2ccc(F)cc2)c1,test
COc1ccc(C(=O)CSc2nncn2C)cc1,test
O=C(CSc1nc2ccccc2[nH]1)c1cccs1,test
Cc1nnc(SCC(=O)c2ccc(Cl)cc2)s1,test
O=C(CSc1nnc2ccccn12)NCc1ccco1,test
CC1(C)COC(O)(C(Cl)(Cl)Cl)CC1=O,test
Cc1ccc(NC(=O)C2CC=CCC2C(=O)N2CCCCC2)cc1,test
NS(=O)(=O)c1ccc(CCNC(=O)c2cccs2)cc1,test
CCOC(=O)Cc1c(SC)c2ccccc2n1C,test
O=C(NCc1ccco1)c1ccc(Cl)cc1Cl,test
O=C(CCS(=O)(=O)c1ccc(F)cc1)N1CCOCC1,test
COc1ccc(C(=O)Nc2cccnc2)c(OC)c1,test
COc1ccc(NC(=O)c2ccc3nc(C)c(C)nc3c2)cc1,test
CCC(=O)N1c2ccccc2C(Nc2ccccc2)CC1C,test
FC1(F)C2C3OC(C4C5C=CC(O5)C34)C2C1(F)F,test
COC(=O)c1cc(CC(=O)c2ccc(O)cc2O)c(C)o1,test
O=c1cnn2c(=O)c(=Cc3ccccc3Br)sc2n1,test
CCOC(=O)c1ccccc1NC(=O)C1COc2ccccc2O1,test
O=C1NC2C(NC(=O)N2Cc2ccccc2)N1Cc1ccccc1,test
CN(C)C(=O)CSc1nnc(-c2cccnc2)n1-c1ccccc1,test
Nc1nccc(Nc2ccc(S(N)(=O)=O)cc2)n1,test
CN1C(=O)CN(C(=O)OCc2ccccc2)C1C(C)(C)C,test
CN1C(=O)CN(C(=O)OC(C)(C)C)C1C(C)(C)C,test
COC(=O)C1CC(C(=O)OC)CC(C(=O)OC)C1,test
CC(=O)Nc1ccc(Oc2ccc(NC(C)=O)cc2)cc1,test
OCCc1ccc(O)c(-n2nc3ccccc3n2)c1,test
COc1cc2c(CCNC(C)=O)c[nH]c2cc1Cl,test
Cc1cc(C)nc(NS(=O)(=O)c2ccc(N)cc2)n1,test
CC(=O)Oc1ccc2c(C(F)(F)F)cc(=O)oc2c1,test
O=c1cc(-c2ccccc2O)oc2cccc(O)c12,test
COc1ccc(-c2cc(=O)c3cc(O)ccc3o2)cc1,test
COc1cccc(-c2oc3ccccc3c(=O)c2O)c1OC,test
COc1ccc(-c2oc3ccccc3c(=O)c2O)c(OC)c1,test
COc1cccc(C2CC(=O)c3ccccc3O2)c1OC,test
COc1ccc(C(=O)Cc2ccc(OC)c(OC)c2)c(O)c1,test
COc1cc(C=C2OC(=O)c3c2cc(C)[nH]c3=O)ccc1O,test
O=S(=O)(NCc1ccco1)c1ccc(Cl)cc1,test
O=C(c1cc2ncc(Br)cn2n1)N1CCOCC1,test
O=C(COc1ccc(Cl)cc1)N1CCOCC1,test
Cc1cccc(C)c1NC(=O)CSc1nc2ccc(N)cc2s1,test
CCOC(=O)C1CCN(C(=O)c2cc(Cl)ccc2Cl)CC1,test
CCc1cccc(C)c1NC(=O)c1cccc(N(C)C)c1,test
CN(C)c1cccc(C(=O)N2CCN(c3ccc(F)cc3)CC2)c1,test
CSc1nc2ccccc2n1CC(=O)Nc1ccccc1,test
Cc1onc(-c2ccccc2)c1C(=O)NCC1CCCO1,test
NC(=O)c1sc2nc(-c3ccncc3)ccc2c1N,test
CCOC(=O)c1c(NC(=O)C2CCCO2)sc2c1CCCC2,test
O=C(CN1C(=O)C2(OCCO2)c2ccccc21)c1ccc(Cl)cc1,test
COc1ccc2c(=O)cc(C(F)(F)C(F)F)oc2c1,test
CCOC(=O)n1c(SCC(N)=O)nc2ccccc21,test
Cc1cc(C)c(C#N)c(SCC(=O)NC2CC2)n1,test
CCCc1c(C(=O)OCC)nnn1-c1nonc1N,test
COc1ccc(NC(=O)c2cc(OC)cc(OC)c2)cc1,test
Cc1ccc2cc(NC(=O)c3ccccc3F)ccc2n1,test
Cc1ccc(-c2csc3nc(C)n(N)c(=O)c23)cc1,test
O=C1CN(C(=O)c2ccc(F)cc2)c2ccccc2N1,test
CC(=O)Nc1c(C(=O)N2CCCCCC2)cnn1-c1ccccc1,test
Cc1cccc(OCC(=O)Nc2ccc3c(c2)OCO3)c1,test
CCS(=O)(=O)c1ccc(O)c(NC(=O)COc2ccc(C)cc2)c1,test
Cc1ccc(NC(=O)C(C)C)c(Br)c1,test
CN(C(=O)c1ccccc1Cl)C1CCCCC1,test
Cc1cc(OCC(=O)NCc2ccco2)ccc1Cl,test
COc1cc(C(=O)NC(C)C)cc(OC)c1OC,test
COc1cc(C(=O)N(C(C)C)C(C)C)cc(OC)c1OC,test
O=c1oc(-c2ccco2)nc2sc3c(c12)CCC3,test
Cc1nc2c(cnn2-c2ccccc2)c(=O)n1-c1cccnc1,test
CCOC(=O)c1c(NC(=O)c2ccncc2)sc2c1CCC2,test
CC1=C(C(=O)Nc2cccnc2)C(c2ccc(O)cc2)n2ncnc2N1,test
CC1=C(C(=O)Nc2ccccc2)C(c2cccc(O)c2)n2ncnc2N1,test
CC1=C(C(=O)Nc2ccccc2)C(c2ccccc2)n2nnnc2N1,test
Cc1nc(-c2ccc(S(=O)(=O)NCc3ccco3)s2)cs1,test
O=C(Nc1ccc(Cl)c(Cl)c1)N1CCC(O)CC1,test
Cc1nc(C(F)(F)F)ccc1C(=O)Oc1ccc2c(c1)OCO2,test
Cc1nc(C(F)(F)F)ccc1C(=O)Nc1ccccc1F,test
CCc1cccc(C)c1NC(=O)N1CCN(C(=O)OC(C)(C)C)CC1,test
c1ccc(-c2csc3ncnc(N4CCOCC4)c23)cc1,test
CC(O)CNc1ncnc2scc(-c3ccccc3)c12,test
CCOC(=O)C1=C(C)Nc2nnnn2C1c1cc(OC)ccc1OC,test
CCSc1nc2ccccc2n1CC(=O)Nc1c(C)cccc1C,test
O=C(OCn1nnc2ccccc2c1=O)c1ccc(F)cc1,test
Cc1cc(C)nc(SCc2cn3cccnc3n2)n1,test
CCOC(=O)C1=C(C)N(C)C(=O)NC1c1ccc(OC)c(OC)c1,test
Cn1c(=O)c2c(nc(N3CCCC3)n2CC(O)CO)n(C)c1=O,test
COC(=O)c1ccccc1NC(=O)c1cc(OC)cc(OC)c1,test
CN(C)c1ccc(C(=O)Nc2ccc(S(N)(=O)=O)cc2)cc1,test
CC(=O)Nc1ccccc1C(=O)N1CCN(c2ccccc2)CC1,test
O=C(Nc1ccc(F)cc1)c1c(F)cccc1F,test
COc1cc2c(cc1OC)C(c1c(-c3ccccc3)noc1C)=NCC2,test
CCCC1CCc2c(sc(NC(=O)c3ccncc3)c2C(N)=O)C1,test
O=C(Nc1ccc2c(c1)COCO2)c1cc2ccccc2oc1=O,test
Cc1ccc(-c2csc(NC(=O)c3cccnc3)n2)cc1,test
COc1cccc(OC)c1C(=O)Nc1ccccn1,test
O=C(NCC1COc2ccccc2O1)c1ccco1,test
CCC(=O)Nc1ccc(C(=O)c2ccccc2)cc1,test
Cc1cccc(C(=O)Nc2nc3ccc(S(C)(=O)=O)cc3s2)c1,test
c1nc(N2CCOCC2)c2c3c(sc2n1)CCCCC3,test
CCCN(c1nc(C)cc(OC)n1)S(=O)(=O)c1ccc(C)cc1,test
CCCN(c1nc(C)cc(OC)n1)S(=O)(=O)c1ccccc1,test
COc1ccc(-n2nnnc2-c2cnc(N)nc2-c2ccccc2)cc1,test
O=C(COc1ccccc1)N1CCN(C(=O)c2ccco2)CC1,test
O=C(c1ccncc1)N1CCN(C(=O)c2cccc(F)c2)CC1,test
O=C(COc1ccccc1)N1CCN(C(=O)Cc2ccccc2)CC1,test
Cc1nc(C)c(C(=O)Nc2ccc(Cl)cc2)s1,test
O=c1nc2n(-c3ccc(F)cc3)c3ccccc3cc-2c(=O)[nH]1,test
O=C(Nn1cnc2ccccc2c1=O)c1ccc(Cl)cc1Cl,test
COc1cccc(C(=O)Nn2nnc3ccccc3c2=O)c1,test
COc1cccc(N(C(C)=O)c2nc(C)cc(C)c2C#N)c1,test
CC(=O)Nc1ncc2c(n1)CC(c1ccc(C)cc1)CC2=O,test
NS(=O)(=O)c1ccc(-n2ncc3ccccc3c2=O)cc1,test
COc1ccc(CC(=O)Nc2c[nH]c(=O)[nH]c2=O)cc1,test
Cc1ccccc1OCC(=O)Nc1c[nH]c(=O)[nH]c1=O,test
COc1cc2nc(CCc3ccccc3)oc(=O)c2cc1OC,test
O=C(Nc1ccccc1)c1ccccc1NC(=O)C1CC1,test
CC(=O)Nc1ccc(Cc2ccc(NC(C)=O)cc2)cc1,test
CC1=C(C(=O)Nc2ccc(C)cc2)C(c2cccs2)NC(=O)N1,test
COC(=O)C1=C(C)Nc2nnnn2C1c1ccccc1OC,test
COC(=O)C1=C(C)Nc2nnnn2C1c1cccc(OC)c1OC,test
COC(=O)c1cccc(-n2c3nc(=O)[nH]c(=O)c-3cc3ccccc32)c1,test
COc1ccc(OC)c(C2NC(=O)NC(C)=C2C(N)=O)c1,test
O=C(NCc1ccc2c3c(cccc13)C(=O)N2)c1ccccc1F,test
CCC(=O)NCc1ccc2c3c(cccc13)C(=O)N2,test
O=C(NCC1OCCc2ccccc21)c1ccc(F)cc1,test
COc1cccc(OC)c1C(=O)OCC(=O)c1ccccc1,test
Cc1cc(=O)oc2cc(OC(=O)N(C)C)c(Cl)cc12,test
COc1cc(C(=O)N2C(C)CCCC2C)cc(OC)c1OC,test
CCOC(=O)c1c(NC(C)=O)sc2c1CC(C)(CC)OC2,test
COc1cccc(Nc2ncnc3c2cnn3C)c1,test
CC1=C(C(=O)OC(C)C)C(c2ccc(OCC(N)=O)cc2)NC(=O)N1,test
Cc1cccc(C)c1NS(=O)(=O)c1ccc(N)cc1,test
COC(=O)C1=C(C)NC(=O)NC1c1ccc(OCC(N)=O)cc1,test
CC(C)(C)NS(=O)(=O)c1ccc(NC(=O)c2cccs2)cc1,test
Cc1cc(C)c(C#N)c(S(=O)(=O)Cc2ccc(Cl)cc2)n1,test
O=C(Cc1cccs1)Nc1nnc(C(F)(F)F)s1,test
CC(C)Cc1nnc(NC(=O)Cc2ccc(F)cc2)s1,test
Cc1cc(C(=O)Nc2cccc(OC(C)C)c2)c(C)o1,test
CCOC(=O)C1C(=O)CC(C)(O)C(C(=O)OCC)C1c1cccnc1,test
CSc1nc2ccccc2c(=O)n1-c1cccnc1,test
Cc1ccc(-n2ncc3c(NCC4CCCO4)ncnc32)c(C)c1,test
O=S(=O)(NCc1ccccc1)c1ccccc1F,test
CC1CCN(S(=O)(=O)c2cccc(C(F)(F)F)c2)CC1,test
O=S(=O)(c1c(Cl)cccc1Cl)N1CCCCC1,test
COc1cc2nc(C(C)(C)C)oc(=O)c2cc1OC,test
Cc1cccc(-n2c(=O)oc3cccc(F)c3c2=O)c1,test
COC(=O)c1sc(S(=O)(=O)N2CCCC2)c(C(=O)OC)c1C,test
Cc1ccc(NC(=O)C2COc3ccccc3O2)nc1,test
Cc1ccc(NS(=O)(=O)c2ccccc2C#N)c(C)c1,test
Cc1ccc(NS(=O)(=O)c2ccccc2C#N)cc1C,test
N#Cc1ccccc1S(=O)(=O)N1CCCCC1,test
Cc1ccc(S(=O)(=O)CC(O)CN2CCCC2=O)cc1,test
CN(C)c1nc2c(N)ncnc2n1C1OC(CO)C(O)C1O,test
Oc1ccc(CNc2cccc(F)c2)c2cccnc12,test
COc1cccc(OC)c1NC(=O)N1CCOCC1,test
Cc1onc(-c2c(Cl)cccc2Cl)c1CO,test
Cc1onc(-c2c(Cl)cccc2Cl)c1C#N,test
COc1ccccc1C(=O)Nc1c(C)n(C)n(-c2ccccc2)c1=O,test
Cc1cc(OC(=O)N(C)C)nc(-c2cccs2)n1,test
Cc1cc(C)c(C#N)c(SCC(=O)c2ccc3c(c2)OCO3)n1,test
CCOC(=O)Cn1cc(Cl)c(=O)c(Cl)c1,test
Cc1cc(NC(=O)CSc2nnc(C)s2)no1,test
COC(=O)c1c(NC(=O)CSc2ncccn2)sc2c1CCC2,test
COc1ccc2oc(C(=O)c3ccccc3)c(N)c2c1,test
Cc1cccc(NC(=O)CSc2nc(N)cc(N)n2)c1,test
CC(C)(C)N1C(=O)NC2C1NC(=O)N2C(C)(C)C,test
O=C1NCCc2c1[nH]c1c(Cl)ccc(Cl)c21,test
NC(=O)c1oc2ccccc2c1NC(=O)CSc1ccccn1,test
O=C(Nc1cnccc1C(F)(F)F)NC1CCCCC1,test
COc1cc(C(F)(F)F)c(C(=O)NCc2ccc(Cl)cc2)cn1,test
CCc1cccc(C)c1NC(=O)c1cnccc1C(F)(F)F,test
O=C(Nc1ccc(C(F)(F)F)cc1)c1cnccc1C(F)(F)F,test
N#CCc1ccc(OC(=O)c2cnccc2C(F)(F)F)cc1,test
COC(=O)C(NC(=O)c1c(C)cc(C)cc1C)C(C)C,test
OCCN(CCO)c1ncnc2sc3c(c12)CCCC3,test
CC1(C)CC(=O)c2c(nn(-c3ccccc3)c2N)C1,test
Cc1cc(C)n(C(=O)c2c(F)c(C)cc(F)c2F)n1,test
Cn1nccc1C(=O)Nc1sc2c(c1C#N)CCC2,test
CCOC(=O)c1cnn2c1nc(N)c1ccccc12,test
CCC(=O)Nc1nc2cc3nc(NC(=O)CC)sc3cc2s1,test
Cc1ccc(NC(=O)C2CCCN2C(=O)OC(C)(C)C)c(C)c1,test
CC1=C(C(=O)Nc2ccccc2C)C(c2cccnc2)n2nnnc2N1,test
Nc1cccc(F)c1-c1nc(-c2ccncc2)n[nH]1,test
COc1cc(-c2nc3ccccc3c(=O)o2)cc(OC)c1OC,test
CC(=O)C1C(c2ccc(Cl)cc2)NC(=O)NC1(O)C(F)(F)F,test
Cc1cc(=O)oc2ccc(OC(=O)CC(C)C)cc12,test
Cc1nn(C(=O)Cc2ccccc2)c(C)c1Br,test
Cc1sc2ncn3cnnc3c2c1-c1ccc(F)cc1,test
Cc1cc(OCc2cn3cccnc3n2)ccc1Cl,test
Cc1cccc(N(CC(=O)NCc2ccccn2)S(C)(=O)=O)c1C,test
CC(C(=O)N(C)Cc1ccccc1)N(c1ccccc1)S(C)(=O)=O,test
Cc1cccc(NC(=O)C(C)N(c2ccccc2)S(C)(=O)=O)c1,test
CCOC(=O)c1sc(Nc2nc(C)cc(OC)n2)nc1C,test
CC(C(=O)Nc1ccccc1)N(c1ccccc1)S(C)(=O)=O,test
CCc1cc2c(OC(=O)N(C)C)ncnc2s1,test
Cc1ccc(C)c(NC(=O)C(C)N(c2ccccc2)S(C)(=O)=O)c1,test
Cc1onc(-c2c(Cl)cccc2Cl)c1C(=O)NC(C)(C)CO,test
O=C(CC1Sc2ccccc2NC1=O)NC1CCCC1,test
O=C(CSc1nnc(-c2ccccc2O)o1)c1ccccc1,test
Nc1cccnc1Sc1nc2cccnc2s1,test
Cc1onc(-c2ccccc2)c1C(=O)Nc1ccc(Cl)cn1,test
Cc1nc(N2CCCCC2)c2c3c(sc2n1)CCC3,test
COC(=O)c1ccccc1NC(=O)c1c(-c2ccccc2)noc1C,test
Cc1onc(-c2ccccc2)c1C(=O)Nc1ccccc1C(N)=O,test
O=C1Nc2ccc(F)cc2C1(O)Cc1ccccn1,test
Cn1ncc(C(=O)Nc2ccc(Cl)cc2)c1C(F)(F)F,test
Cc1nnc(NC(=O)CSc2ccccc2)s1,test
CCNS(=O)(=O)c1ccc(NC(=O)c2cccnc2)cc1,test
CC(C)NS(=O)(=O)c1ccc(NC(=O)C2CC3C=CC2C3)cc1,test
CCN(CC)c1nc(C)nc2c1cnn2CCc1ccccc1,test
O=C(Nc1cc(N2CCCCC2)ncn1)c1ccc(F)cc1,test
COc1ccc(N(C(=O)C(C)C)S(=O)(=O)c2cccs2)cc1,test
COC(=O)C(C)Oc1ccc2c(C)cc(=O)oc2c1,test
CC(=O)C(C)Sc1nc2ccccc2c(=O)n1-c1ccccc1,test
CC1CCCCN1c1nc2nonc2nc1N1CCCCC1C,test
COC(=O)C1=C(C)NC(=O)NC1C1CC=CCC1,test
COc1ccccc1N1CCN(C(=O)c2ccc(N)cc2)CC1,test
Cc1onc(-c2c(F)cccc2Cl)c1C(=O)NCc1ccccn1,test
COC(=O)C1=C(C)NC(=O)NC1c1cccc(OC)c1,test
O=C1Oc2ccc(Br)cc2CC1C(=O)N1CCCCC1,test
COc1ccc(CNC(=O)C2CC(=O)N(c3ccc(F)cc3)C2)cc1,test
CNc1nc2nonc2nc1Nc1ccc(Cl)cc1,test
CCOC(=O)c1c(NC(=O)c2ccc(C#N)cc2)sc2c1CCC2,test
N#Cc1c(C(F)(F)F)cc(-c2ccccc2)n(N)c1=O,test
CCN(CC)C(=O)c1cc2c(n(-c3ccccc3)c1=O)CCCC2=O,test
CC(O)CNc1ncnc2ccc(Br)cc12,test
Cn1c(=O)c2c(nc3n2CC(=O)N3c2cccc(Cl)c2)n(C)c1=O,test
Cc1nn(CC(=O)Nc2ccccc2)c(=O)c2ccccc12,test
Cc1nn(CC(=O)NCc2ccccc2)c(=O)c2ccccc12,test
N#Cc1coc2ccc(Br)cc2c1=O,test
CCOc1nc(N2CCOCC2)nc(N2CCOCC2)n1,test
C=CCN1C(=O)C(O)(CC(=O)c2cccc(N)c2)c2ccccc21,test
O=C1c2ccccc2C(O)(Cc2ccccc2)N1Cc1ccco1,test
COC(=O)Cn1nnnc1-c1ccc(Cl)cc1,test
CCc1nc2sc(C(N)=O)c(N)c2c2c1CCCC2,test
CCN1C(=O)C(O)(CC(=O)c2ccccn2)c2ccccc21,test
CCOC(=O)c1c(C)n(OC)c2ccc3nonc3c12,test
CCOC(=O)N1CCN(C(=O)COc2ccc(Cl)c(C)c2)CC1,test
COC(=O)COc1nc2c(c(=O)n(C)c(=O)n2C)n1C,test
Cc1cccnc1NC(=O)C1CC(=O)N(c2ccc(F)cc2)C1,test
O=C(c1ccc(Cl)cc1)N1CCN(C(=O)C2CCCCC2)CC1,test
O=C(C1CCCCC1)N1CCN(C(=O)C2CCCCC2)CC1,test
COC(=O)c1cc(OCc2c(C)noc2C)cc(C(=O)OC)c1,test
Cc1nnc2c3c4c(sc3nc(C)n12)CCCC4,test
NC(=O)c1cc(-c2ccccc2)sc1NC(=O)c1ccco1,test
N#Cc1c(NC(=O)C2CCCO2)sc2c1CCCCC2,test
CCC(CO)Nc1nc(C)nc2sc3c(c12)CCCC3,test
COC(=O)c1c(NC(=O)C2CCCO2)sc2c1CCC(C)C2,test
O=C(NCc1ccc(Cl)cc1)C1CC(=O)N(c2ccc(O)cc2)C1,test
COc1ccc(OCC(=O)NCCc2c[nH]c3ccccc23)cc1,test
CC(=O)Nc1nc(C)c(-c2cn3cccnc3n2)s1,test
Oc1cccc(Nc2nc(-c3ccccn3)cs2)c1,test
Oc1ccc(Nc2nc(-c3ccccn3)cs2)cc1,test
O=c1cc(C(F)(F)F)c2cc(Cl)c(O)cc2o1,test
O=C1c2ccccc2NC2(C(=O)Nc3ccccc32)N1C1CCCCC1,test
CC(C)OC(=O)c1cccc(NC(=O)CSc2nncn2C)c1,test
Cc1cc(OC(=O)N(C)C)nc(-c2ccc(Cl)cc2)n1,test
Fc1cccc(Cn2nnc(N3CCCCC3)n2)c1,test
O=C(Nc1ccc(NC(=O)c2ccco2)cc1)c1cnccn1,test
Cc1cc(Nc2ccc(F)c(Cl)c2)nc(N)n1,test
O=C(OCC1CCCO1)c1c(F)cccc1Cl,test
CN(C)C(=O)Sc1nnc(C2CC2)n1-c1ccc(Cl)cc1,test
O=C(c1ccco1)N1CCN(c2nnnn2-c2ccccc2)CC1,test
COCc1cc(OC(=O)N(C)C)nc(-c2cccc(C)c2)n1,test
O=C(c1ccc(F)c(F)c1)n1nnc2ccccc21,test
O=C(NC1CCCCC1)n1c(=O)oc2ccc(Cl)cc21,test
Clc1cccc(Nc2ncnc(-n3cccc3)n2)c1,test
CSc1nc2ccc(S(=O)(=O)N3CCCCC3)cc2s1,test
COC(=O)c1cc(-c2ccc(NC(C)=O)cc2)nc2ccccc12,test
Cc1cc(C)nc(SC2=CS(=O)(=O)c3ccccc32)n1,test
COC(=O)c1c(N)n(CCc2ccccc2)c2nc3ccccc3nc12,test
Cc1ccccc1-n1c(N)c(C#N)c2nc3ccccc3nc21,test
COc1ccc(-n2c(N)c(C#N)c3nc4ccccc4nc32)c(OC)c1,test
Clc1cccc(NCc2cn3cccnc3n2)c1,test
Clc1ccc(C2CC(c3ccco3)=Nc3ncnn32)cc1,test
COc1ccc(C(=O)Nn2c(C)nnc2-n2nc(C)cc2C)cc1,test
CCC(Sc1nc(C)cc(C)c1C#N)C(=O)Nc1cc(C)on1,test
Cc1c(NC(=O)C2CCCC2)c(=O)n(-c2ccccc2)n1C,test
Cc1cc(C)nc(NC(=O)c2ccccc2Cl)n1,test
O=C(Nc1cccc2ccccc12)c1ccccc1C(=O)NC1CC1,test
COc1ccc2c(c1)c(=O)oc1cc(OC(=O)C3CC3)ccc12,test
COC(=O)c1c(NC(=O)c2ccoc2C)sc2c1CCCC2,test
O=C(Nc1ccccc1C(=O)NCC1CC1)c1cccs1,test
CC1CC1c1ccc(CCC(=O)Nc2nccs2)o1,test
Brc1cccc(-c2nc(-c3ccncc3)no2)c1,test
Cc1sc2nc3ccc(NCc4ccco4)nn3c(=O)c2c1C,test
Cc1cc(N)n(-c2ncnc3scc(-c4ccc(F)cc4)c23)n1,test
Cc1cc(NC(=O)CSc2nnc3sc4ccccc4n23)no1,test
Cc1cc(C)n2nc(S(=O)(=O)NCc3ccccc3)nc2n1,test
Cc1cc(C)n(-c2cccc(Cl)c2)c(=O)c1C#N,test
COCc1cc(C)nc(SCC(=O)N2CCCCC2)c1C#N,test
Cc1ccc(C)n1-n1c(C)nc2scc(-c3cccs3)c2c1=O,test
Cc1nn(-c2ccccc2)nc1-c1nnc(-c2ccccc2)o1,test
CNc1nc(-c2cccs2)cc(C(F)(F)F)n1,test
COc1nonc1-n1nnc(C(=O)c2ccccc2)c1C,test
Cc1cc(O)cc(C)c1NC(=O)c1cccc(Cl)c1,test
Nc1nnnn1CC(=O)NC1(C(=O)Nc2ccccc2)CCCCC1,test
C=CCN(CC=C)S(=O)(=O)c1nc2nc(C)cc(C)n2n1,test
O=C(Nc1ccccc1)Nc1ccc(Oc2cccnc2)nc1,test
COCc1cc(C)nc2sc(C(=O)NCc3ccccc3)c(N)c12,test
Cc1cccc(NC(=O)c2ccc(Cl)cc2N)n1,test
N#Cc1cc(F)c(N2CCN(C(=O)c3cccs3)CC2)cc1Cl,test
CC(C)=CCn1c(NCc2ccccc2)nc2c1c(=O)[nH]c(=O)n2C,test
CC(C)n1c(SCCc2ccccc2)nc2c1c(=O)[nH]c(=O)n2C,test
O=C(CSc1nnc2n1CCCCC2)c1ccc(Cl)cc1,test
CCOC(=O)c1cc(NC(C)=O)ccc1Oc1cncc(Cl)c1,test
O=S(=O)(CCO)c1ccc(C(F)(F)F)cn1,test
Cc1[nH]c(=O)[nH]c(=O)c1S(=O)(=O)NC1CCCCC1,test
COC(=O)c1ccncc1C(=O)Nc1ccc(C)cc1,test
NC(=O)c1cc2nc(-c3cccs3)cc(C(F)(F)Cl)n2n1,test
O=C(NCC(O)CO)c1ccc2[nH]c3ccccc3c2c1,test
O=S(=O)(NCc1ccc(Cl)cc1)c1ccccc1,test
CS(=O)(=O)Nc1ccc(Br)cc1,test
Cn1c(=O)c2c(ncn2Cc2ccc(Cl)c(Cl)c2)n(C)c1=O,test
CCOC(=O)Cn1nnc(-c2cc(Cl)cc(Cl)c2)n1,test
C=CCN(CC=C)S(=O)(=O)c1nc2nc(C)c(C)c(C)n2n1,test
Cc1nc2nc(S(=O)(=O)N(C)CCO)nn2c(C)c1C,test
COc1ccccc1-c1nnc(-c2ccccc2O)o1,test
COc1ccccc1NC(=O)COc1cccc(Cl)c1,test
O=C(COc1cccc(Cl)c1)NCc1ccco1,test
CN(Cc1ccccc1)C(=O)COc1ccccc1Cl,test
Cc1cc(C)n2c(SCC(=O)c3ccccc3)nnc2n1,test
Cc1c(Cl)cccc1NCc1nnc2n1CCCCC2,test
O=C1NC(c2ccc(Cl)cc2)Nc2ccccc21,test
COc1cc2c(cc1OC)C(c1cccs1)CC(=O)N2,test
O=C(Nc1ccc2snnc2c1)N1CCCCC1,test
O=C(Nc1ccc2snnc2c1)N1CCOCC1,test
Cc1coc2c(C)c3oc(=O)c4c(c3cc12)CCC4,test
CCN(CC)C(=O)c1c(-c2ccccc2)oc2ccc(O)cc12,test
N#CCS(=O)(=O)c1ccc(Cl)c(Cl)c1,test
COc1ccccc1C(=O)Nc1nc(N)n(-c2ccccc2)n1,test
COc1ccc2oc(=O)c(C(=O)N3CCOCC3)cc2c1,test
CCOc1ccc2nc(SCC(=O)NC3CC3)sc2c1,test
Cc1sc(NC(=O)c2ccccc2Cl)c(C(N)=O)c1C,test
Cc1c(S(=O)(=O)c2ccc(Cl)cc2)cnc2cc(C3CC3)nn12,test
CS(=O)(=O)c1csc(C(=O)NCc2cccnc2)c1Cl,test
CCOc1ccc2nc(SCC(=O)Nc3ncccn3)sc2c1,test
Cc1cc(C)c(C#N)c(SCc2ccccc2C#N)n1,test
CC(C)S(=O)(=O)c1cscc1NC(=O)Nc1ccccc1,test
CCCS(=O)(=O)c1csc(C(=O)OC)c1Cl,test
N#Cc1cccc(CS(=O)(=O)c2cccs2)c1,test
O=C1Nc2ccc(S(=O)(=O)N3CCOCC3)c3cccc1c23,test
Cn1ccnc1SCC(=O)Nc1ccccc1F,test
O=C(CSc1ccccc1O)N1CCOCC1,test
Cc1cc(C)c(NC(=O)CSc2nccn2C)c(C)c1,test
CCCC(=O)n1c(=O)oc2cc(Br)ccc21,test
NC(=O)c1ccc(NC(=O)CSc2nc3ccccc3o2)cc1,test
CCOC(=O)c1sc2ncn(C(C)C(C)=O)c(=O)c2c1C,test
CCOC(=O)c1sc2ncn(CCC(C)C)c(=O)c2c1C,test
COC(=O)C(C)n1cnc2scc(-c3ccc(C)cc3)c2c1=O,test
COC(=O)C(C)n1cnc2scc(-c3ccc(OC)cc3)c2c1=O,test
CSc1ccccc1C(=O)Nc1cccc(C)n1,test
CC(C)c1nnc2c3c4c(sc3ncn12)CCCC4,test
Cc1ccc(-c2nn(C)c(=O)c3ccccc23)cc1S(N)(=O)=O,test
CC(=O)c1sc(Nc2nc(C)cc(C)n2)nc1C,test
Cc1c(NC(=O)c2cc3ccccc3o2)c(=O)n(-c2ccccc2)n1C,test
Cc1cccc(NC(=O)Cn2c(=O)sc3ccccc32)c1C,test
O=C(Cn1c(=O)sc2ccccc21)NCc1ccccc1,test
Cn1c(=O)c2c(-c3ccccc3)n(-c3ccccc3N)cc2n(C)c1=O,test
COc1ccc(Br)c(C(=O)NCCc2ccncc2)c1,test
C#Cc1cccc(NC(=O)c2ccc(Cl)cc2)c1,test
COc1ccc(OC)c(NS(=O)(=O)c2ccc(Cl)cc2)c1,test
Cn1cnnc1SCC(=O)NCc1cccc(C(F)(F)F)c1,test
COc1ccc(NC(=O)CSc2nc3ccccc3[nH]2)c(OC)c1,test
CCOc1ccc(C(=O)N2CCN(c3ccccc3)CC2)cc1,test
O=S(=O)(c1ccc(Br)cc1)N1CCCCCC1,test
CC1CCCN(S(=O)(=O)c2ccc(Br)cc2)C1,test
CC(Oc1ccccc1)C(=O)N1CCN(c2ccccc2)CC1,test
COc1ccc(CN(CCC2CCOC(C)(C)C2)C(C)=O)cc1,test
COc1ccc(NS(=O)(=O)c2ccc(F)cc2)cc1,test
c1ccc(-c2cc3c(N4CCOCC4)ncnc3s2)cc1,test
Cc1sc2ncnc(SCC(=O)N3CCCC3)c2c1C,test
Cc1nc2ccccc2c(=O)n1NCc1ccccc1,test
Cc1nc2ccccc2c(=O)n1NCc1c(F)cccc1Cl,test
COc1ccccc1CNn1c(C)nc2ccccc2c1=O,test
Cc1nnc2n(-c3ccccc3)c(=O)c3c4c(sc3n12)CCCC4,test
CCC1(C)Cc2c(sc3nc(SC)n(C)c(=O)c23)CO1,test
Cn1c(=O)c2cnc(-c3ccccc3)nc2n(C)c1=O,test
CC(C)(C)Nc1ncnc2c1cnn2Cc1ccccc1,test
CC(C)(C)Nc1ncnc2c1cnn2-c1ccccc1,test
c1ccc(Nc2ncnc3c2cnn3-c2ccccc2)cc1,test
C#Cc1cccc(NC(=O)c2cc3ccccc3oc2=O)c1,test
O=C(Nc1nnc(C2CCCCC2)s1)c1ccccc1,test
CCN(CC)C(=O)CSc1nc2c(cc1C#N)CCC2,test
CCc1nnc(NC(=O)CSc2cccc3cccnc23)s1,test
COc1ccc(Cl)cc1NC(=O)Cn1nc(C(F)(F)F)cc1C,test
COc1ccc(C2C=COc3n[nH]c(-c4ccccc4)c32)cc1OC,test
COc1ccc(C(=O)c2nc3ccccc3n2C)cc1,test
O=c1[nH]c2ccc(S(=O)(=O)N3CCOCC3)cc2s1,test
O=C(CSc1ncccn1)NC1CCCCC1,test
O=C(CC1Sc2ccccc2NC1=O)NCCc1ccccc1,test
O=C(NCCc1nc(-c2ccccc2)cs1)c1ccccc1,test
CSc1ccc(-c2nnn(Cc3ccccn3)n2)cc1,test
COc1ccc(Nc2nc(C)cc(C)c2C#N)cc1OC,test
CCOC(=O)c1ccc2[nH]c3c(c2c1)CCCC3C(=O)OCC,test
Cc1cccc(NC(=O)c2ccn(C(=O)Oc3ccccc3)n2)n1,test
Cn1c(=O)oc2cc(S(=O)(=O)Nc3ccccn3)ccc21,test
COc1ccc(C(=O)Nc2cccc(C3OCCO3)c2)cc1OC,test
Cc1cc(C)c(C#N)c(SCC(=O)Nc2ccccc2C#N)n1,test
O=S(=O)(c1cccc2nonc12)N1CCCCCC1,test
COc1ccc(OC)c(S(=O)(=O)n2ccnc2-c2ccccc2)c1,test
C=CCc1ccccc1OCC(O)Cn1cnc2ccccc21,test
COc1cc(NC(=O)c2ccccc2)c(C)cc1N,test
O=C(c1ccc(F)cc1)N1C=CC(C(F)(F)F)=NCC1,test
COc1cccc(C(=O)N2CCN(C(=O)C3CC3)CC2)c1,test
COc1ccc(C(=O)n2nc(C)c(Br)c2C)cc1OC,test
CCC(C)c1ccc(NS(=O)(=O)c2c(C)[nH]c(=O)[nH]c2=O)cc1,test
COc1cccc2cc(C(=O)NC(C)c3ccccc3)c(=O)oc12,test
COC(=O)c1nnn(-c2cccc(Cl)c2)c1C(=O)OC,test
COc1ccc(C)cc1S(=O)(=O)n1c(C)nc2ccccc21,test
Cc1ccccc1CSc1nc2c(c(=O)n(C)c(=O)n2C)n1C,test
CC(C)(C)C(=O)Cn1nnc(-c2ccc(C(F)(F)F)cc2)n1,test
Cn1cnc2c1c(=O)n(Cc1ccccc1C#N)c(=O)n2C,test
Cc1nn(-c2ccccn2)c2c1-c1nc(N3CCOCC3)ncc1CC2,test
CCOC(=O)C1CCN(C(=O)Nc2ccc(F)cc2)CC1,test
O=C(CSc1ncn(-c2ccccc2)n1)c1ccccc1,test
O=S(=O)(Nc1ccc(Cc2ccncc2)cc1)N1CCCC1,test
O=C1c2ccccc2C(O)(c2ccccc2)N1C1CC1,test
CCc1ccc(OCC(=O)Nc2ccc3c(c2)COC3=O)cc1,test
O=S(=O)(Nc1cccc(-c2nnco2)c1)c1ccc(Cl)cc1,test
O=C(Nc1ccccc1)Nc1cccc(-c2nnco2)c1,test
N#Cc1ccc(N2CCN(C(=O)c3cccc(F)c3)CC2)c(F)c1,test
O=C(Oc1cc(Cl)cc(Cl)c1)c1cnc2n(c1=O)CCS2,test
O=C1OC(C(=O)Nc2ccc(Cl)cc2)Cc2ccccc21,test
COc1cc2c(cc1OC)C(c1ccc(F)cc1)CC(=O)N2,test
COc1ccc(C(=O)n2ccc(-c3oc(C)nc3C)n2)cc1,test
N#Cc1sccc1CS(=O)c1ccc(Cl)cc1,test
N#Cc1c(-c2ccccc2)cc(-c2cccs2)[nH]c1=O,test
O=C(CSc1nnnn1-c1ccccc1O)N1CCOCC1,test
Cc1cc(C)c(C#N)c(SCC(=O)NC(C)(C)C)n1,test
CCOC(=O)C(CC)Sc1nc2nc(C)cc(C)n2n1,test
O=C(c1ccc(-c2cccs2)s1)N1CCOCC1,test
COc1ccc(-c2nnnn2C2CC(=O)C3OCC2O3)cc1,test
Cc1nc2cccc(C(=O)NCc3ccccc3)c2o1,test
CC(=O)Oc1c2c(C)n[nH]c2nc2c1c(=O)n(C)c(=O)n2C,test
N#Cc1nc(COc2cccc(Cl)c2)oc1N1CCCC1,test
Cc1ccc(-c2nnn(CC(=O)Nc3ccc(F)cc3F)n2)cc1,test
CC(=O)Oc1ccc(NC(=O)CC2Nc3ccccc3NC2=O)cc1,test
Cn1ccnc1SCC(=O)Nc1ccccc1C(F)(F)F,test
CCN(CC)c1ncnc2c1ncn2C1OC(CO)C(O)C1O,test
O=S(=O)(Cc1ccc(F)cc1)c1ccccc1,test
O=C(Cn1cnc2ccccc2c1=O)Nc1ccc2c(c1)OCCO2,test
Cc1ccc(NC(=O)c2sc3nc[nH]c(=O)c3c2C)cc1,test
Cc1ccc(OCCN2C(=O)OC(C)(C)C2(C)O)cc1,test
CC1(C)C(=O)C2(C(=O)NCc3ccccc3)CCC1C2,test
CCOC(=O)c1sc2nc(C)nc(N3CCOCC3)c2c1C,test
CCc1nc2ccccc2n1CC(O)COc1ccccc1OC,test
CC1=C(C(=O)OC(C)C)C(c2c(F)cccc2Cl)CC(=O)N1,test
CC(C)(C)S(=O)(=O)c1ccsc1S(C)(=O)=O,test
Cc1noc(C)c1C(=O)N1CCC(C(=O)c2ccccc2)CC1,test
CCCC12CN(C(=O)CC)CC(C)(CN(C(=O)CC)C1)C2=O,test
Cc1noc(C)c1S(=O)(=O)N1CCC(C(=O)c2ccccc2)CC1,test
N#CCc1ccc(NC(=O)COc2ccc(C#N)cc2)cc1,test
CN(C)c1nc(Oc2ccc(=O)n(C)n2)nc(N(C)C)n1,test
COc1ccc(C(=O)NC2COC(C)(C)OC2c2ccccc2)cc1,test
COc1cc(NC(=O)c2cc(C)oc2C)cc(OC)c1OC,test
CC(=O)Oc1ccc(-c2nc3ccc(Cl)cc3c(=O)o2)cc1,test
Cc1nc(C(=O)Nc2ccccc2)sc1C(=O)Nc1ccccc1,test
Nc1nn(-c2ccccc2)nc1C(=O)OCc1ccccc1Cl,test
COc1ccc(C(=O)n2nc(C)c(Br)c2C)cc1,test
Cc1nc(SCC(N)=O)c(C#N)c(C)c1Cl,test
CCOC(=O)c1ccc(-n2ncc(C#N)c2N)cc1,test
Cc1cc(S(=O)(=O)NCc2ccco2)c(C)s1,test
OCc1nnn(-c2cccc(C(F)(F)F)c2)c1CO,test
COc1cc(OC)c(C(=O)N2CCCC2)cc1OC,test
CS(=O)(=O)NCc1ccc(C(=O)NCc2ccccc2)cc1,test
NC(=O)C(Cc1ccccc1)NC(=O)Cc1ccc(F)cc1,test
Cc1cc(C)n2nc(SCC(=O)Nc3ccc(F)cc3)nc2n1,test
COc1ccc(NS(=O)(=O)c2ccc(Cl)cc2)c(OC)n1,test
CCOc1cc(C#N)c(NC(=O)c2ccccn2)cc1OCC,test
CN(C)c1cnn(-c2cnc3ccccc3n2)c(=O)c1Cl,test
Cc1noc(C)c1S(=O)(=O)Nc1ccc(C(C)(C)C)cc1,test
Cc1noc(C)c1S(=O)(=O)Nc1ccc(Cl)cc1,test
COC(=O)c1ccc(CSc2ncccn2)cc1,test
CC(C)c1nnc(SCC(=O)NCc2ccccc2)n1N,test
COC(=O)Oc1ccc2c(=O)c(Oc3ccc(OC)cc3)coc2c1,test
Cn1c(=O)c2c(nc(SCc3ccccc3C#N)n2C)n(C)c1=O,test
Cc1noc(C)c1-c1nc(-c2cccc(C(F)(F)F)c2)no1,test
COc1ccccc1N1CCN(C(=O)c2c(F)cccc2Cl)CC1,test
Cc1nc2c(cnn2-c2ccccc2)c(=O)n1CC(=O)OC(C)C,test
Cc1cc(C)n(C(=O)C2COc3ccccc3O2)n1,test
CC(=O)OCC(=O)Nc1ccc(Cl)cc1Cl,test
Cc1noc(C)c1-c1nc(CS(=O)(=O)c2ccc(F)cc2)no1,test
COc1ccc(-c2nc(-c3ccccn3)no2)cc1OC,test
COc1ccc(NS(=O)(=O)c2ccc(NC(C)=O)cc2)cn1,test
Cc1ccc(NS(=O)(=O)c2cccc3cccnc23)cc1C,test
Cc1noc(C)c1-c1nc(CS(=O)(=O)c2ccsc2)no1,test
Cc1n[nH]c(=O)nc1Nc1cccc(C(F)(F)F)c1,test
Cc1n[nH]c(=O)nc1Nc1cccc(Cl)c1C,test
Cc1n[nH]c(=O)nc1Nc1ccc(Oc2ccccc2)cc1,test
Cc1c2cnn(C)c(=O)c2c(C)n1Cc1cccs1,test
COCC(C)NC(=O)c1cc2cc(OC)ccc2[nH]1,test
Cc1cc(NC(=O)c2cc(C(C)(C)C)oc2C)nc(C)n1,test
Cc1cccc(C2Nc3ccccc3C(=O)N2CCc2ccccc2)n1,test
Cc1nnsc1C(=O)Nc1nn(C)c2cccc(F)c12,test
Cn1cnnc1-c1cccc(NC(=O)c2ccc(F)cc2)c1,test
Cc1ccc(NC(=O)CCS(=O)(=O)c2ccc(C)c(C)c2)cc1,test
COC(=O)c1c(C)oc(C)c1S(=O)(=O)NC(C)(C)C,test
COC(=O)c1c(C)oc(C)c1S(=O)(=O)NCc1ccco1,test
COC(=O)c1cc(S(=O)(=O)NCc2cccs2)oc1C,test
COC(=O)c1ccc(C2CC(c3ccccc3)=Nc3nnnn32)cc1,test
Cc1ccc(C(=O)CSc2nnc(C(F)(F)F)n2C)cc1,test
Cc1cc(C)c(C#N)c(SCC(=O)Nc2cccc3cccnc23)n1,test
COc1ccccc1OCc1ccc(C(=O)NCC2CCCO2)o1,test
Cc1cc(C)c(C(N)=O)c(SCC(=O)c2ccc(Cl)cc2)n1,test
O=C(Cc1ccccc1)N1CCN(C(=O)c2cccc(Cl)c2)CC1,test
O=C(c1ccc(F)cc1)N1CCN(C(=O)c2cccs2)CC1,test
CS(=O)(=O)N1CCN(C(=O)Cc2ccccc2)CC1,test
COc1ccc(C(=O)N2CCN(C(=O)CC(C)C)CC2)cc1OC,test
O=C(c1ccc(CSc2ccccn2)cc1)N1CCOCC1,test
CC(C)(C)S(=O)(=O)c1cccc(S(=O)(=O)C(C)(C)C)c1,test
O=C(c1cccs1)N1CCN(c2ncnc3sccc23)CC1,test
COC(=O)c1sc(OC)cc1OC(=O)c1ccco1,test
CC(=O)Nc1ccc(S(=O)(=O)Nc2ccnn2C)cc1,test
Cc1cc(NS(=O)(=O)c2ccc(F)cc2)no1,test
Cc1cc(NS(=O)(=O)c2cc(Cl)ccc2Cl)no1,test
Cc1ccc(C(C)C)c(OCC(=O)Nc2ccc(C(N)=O)cc2)c1,test
Cn1nccc1NC(=O)Nc1ccc(Cl)cc1,test
Cc1ccccc1OCC(=O)Nc1ccc(C(N)=O)cc1,test
NC(=O)c1ccccc1NC(=O)COc1cccc(Cl)c1,test
NC(=O)c1ccccc1NC(=O)Nc1cccc(Cl)c1,test
Cn1nccc1NC(=O)Nc1cccc(Br)c1,test
Cc1cc(S(=O)(=O)Nc2ccnn2C)c(C)cc1Cl,test
COc1cc2ncnc(NC3CCCCC3)c2cc1OC,test
COC(=O)c1ccccc1NC(=O)c1c(F)cccc1F,test
NC(=O)Cn1cnc2sc3c(c2c1=O)CCCC3,test
COc1ccccc1-c1nc(C(F)(F)F)c(OC)o1,test
Cn1nccc1NS(=O)(=O)c1ccc(F)cc1Cl,test
Cc1ccc(SCC(=O)Nc2nncs2)cc1,test
CCOC(=O)C(Sc1n[nH]c(=O)[nH]c1=O)c1ccccc1,test
Cc1cccc(C)c1NS(=O)(=O)c1ccc(C2CNC(=O)C2)cc1,test
Cc1cc(C)cc(NC(=O)Nc2c(Br)cnn2C)c1,test
Cn1ncc2c(Sc3ccc(Cl)cc3)ncnc21,test
O=S(=O)(c1ccc(F)cc1)N1CCN(c2ccc(F)cc2)CC1,test
COc1ccc(C(=O)N2CCN(c3ccc(F)cc3)CC2)c(OC)c1,test
CC1CN(C(=O)C2c3ccccc3Oc3ccccc32)CC(C)O1,test
O=C(Cn1ccc(C(F)(F)F)n1)Nc1cccc(C(F)(F)F)c1,test
Nc1ccccc1SCC(O)COc1cccc(C(F)(F)F)n1,test
O=c1[nH]c2ccccc2n1CCOc1ccc(Cl)cc1,test
COC(=O)Cc1nc(NC(=O)c2ccccc2)sc1C,test
O=C(c1cccc(F)c1)N1CCN(c2nc3ccccc3o2)CC1,test
O=C(c1ccc(S(=O)(=O)N2CCOCC2)o1)N1CCOCC1,test
COC(=O)c1c(NC(C)=O)sc2c1CCC(C)C2,test
CCOC(=O)c1c(NC(=O)c2cccnc2)sc(C)c1C,test
O=C1CCC(=O)c2oc3ccc(Br)cc3c2N1,test
CS(=O)(=O)N(CC(=O)NC1CC1)c1cccc(F)c1,test
CC(=O)Oc1ccc(C)cc1C(O)(C(F)(F)F)C(F)(F)F,test
O=C1CC(c2ccco2)Cc2nc(NCc3ccccc3)ncc21,test
Cc1cc(C)n2nc(SCC(=O)NC(C)(C)C)nc2n1,test
CC(=O)N1c2ccccc2C(=O)OC1c1cccnc1,test
O=C(Nc1ccc2c(c1)OCCO2)c1ccncc1,test
CC(C)CCOC(=O)c1ccc(NC(=O)c2ccncc2)cc1,test
Cn1c(=O)[nH]c(=O)c2c1nc(N1CCCC1)n2CCc1ccccc1,test
O=c1[nH]nc(-c2ccc(F)cc2)cc1Cc1ccco1,test
CC(C)Cn1c(NC2CCCCC2)nc2c1c(=O)[nH]c(=O)n2C,test
COc1ccc(OC(C)C(=O)Nc2cccc(OC)c2)cc1,test
COc1ccc(C2CC(=O)c3cc(OC)c(OC)cc32)cc1OC,test
COC(=O)c1ccc(S(=O)(=O)NCc2ccccn2)n1C,test
COc1ccc(OC(C)C(=O)Nc2ccccc2F)cc1,test
COc1ccc(OC(C)C(=O)Nc2nccs2)cc1,test
CCCS(=O)(=O)N1CCN(S(=O)(=O)c2ccccc2)CC1,test
CCS(=O)(=O)N1CCN(C(=O)c2cccc(F)c2)CC1,test
COc1ccc(NC(=O)c2cncc(Br)c2)cc1,test
Nc1cc2c(cc1Br)-c1ccccc1C2=O,test
Cc1nc(CSc2n[nH]c(=O)n2Cc2ccccc2)cs1,test
CCn1nc(C)cc1-c1nnc(SC)n1-c1ccc(Cl)cc1,test
O=C(Nc1ccccc1C(F)(F)F)c1cncc(Br)c1,test
Cc1cc(C)c(NC(=O)C2COc3ccccc3O2)c(C)c1,test
CC(C)(C)NC(=O)c1cccc(C(=O)NC(C)(C)C)c1,test
FC(F)(F)c1ccc(-n2nnnc2-c2ccno2)cc1,test
COc1ccc(CC(=O)N2CCCc3ccccc32)cc1OC,test
COc1ccc(NC(=O)Cc2ccccc2OC)c(OC)c1,test
Cc1cc(-c2nnc(-c3cccc(Cl)c3)o2)no1,test
Cc1cccc(OCC(=O)NCC2CCCO2)c1C,test
Brc1ccc(-c2csc(N3CCOCC3)n2)cc1,test
Cc1cc(C(=O)Nc2cc(Cl)cc(Cl)c2)no1,test
CCOC(=O)c1[nH]ncc1Sc1ccc(Cl)cc1,test
Cc1cc(N2CCOCC2)nc(NCc2ccccc2)n1,test
Cc1cc(N2CCN(c3ccccc3)CC2)nc(N2CCOCC2)n1,test
CCOC(=O)C(C)Oc1ccc2c(C(F)(F)F)cc(=O)oc2c1,test
Nc1nccc(-c2csc(COc3ccc(Cl)cc3)n2)n1,test
CCCc1cc2c3c(c(=O)oc2cc1OC(C)=O)CCC3,test
Cc1nnc2n(C3CCCCC3)c(=O)c3c4c(sc3n12)CCC4,test
CCOc1ccc(-n2nc3ccc(N)cc3n2)cc1,test
COC(=O)c1ccc(Oc2cccc(C(F)(F)F)c2)nc1,test
COC(=O)c1nn(-c2cccc(Cl)c2)cc(OC)c1=O,test
CC(C)(C)c1nccc(-c2nn(-c3ccc(F)cc3)ccc2=O)n1,test
Cc1ccc(Oc2c(C)nc(C)nc2OC(=O)N(C)C)cc1,test
COC(=O)c1ccc(O)c(CSc2ccccn2)c1,test
CC(=O)c1cccc(NC(=O)COc2ccccc2)c1,test
CCOC(=O)c1nc(-c2ccccc2)sc1-c1cc[nH]n1,test
CCOC(=O)c1cnc(C(F)(F)F)nc1Nc1ccccc1,test
Cc1ccc(OCC(=O)NCc2ccccc2)cc1,test
CCOC(=O)C1=C(C)NC(=O)CC1c1ccccc1OC,test
CCOc1cc(C2NC(=O)N(C)C(C)=C2C(=O)OC)ccc1O,test
COC(=O)C1=C(C)N(C)C(=O)NC1c1cccc(OC)c1OC,test
COC(=O)c1cc(=O)n2c(-c3cccs3)nnc2s1,test
O=S(=O)(CCS(=O)(=O)c1cccs1)c1ccccc1,test
CC(=O)Nc1ccc(NC(=O)c2cccs2)cc1,test
CC(C)(C)S(=O)(=O)c1cnc(N2CCOCC2)nc1N,test
Cc1cccc(C)c1NC(=O)CSc1ccccn1,test
O=C(Nc1ccc(-c2ccccn2)s1)N1CCOCC1,test
Cc1cccc(-c2ncc(S(=O)(=O)C(C)(C)C)c(N)n2)c1,test
CS(=O)(=O)c1scc(-c2cccc(C(F)(F)F)c2)c1C#N,test
COC(=O)CCC(=O)Nc1cccc(C(N)=O)c1,test
COc1ccc(C(=O)N2CCN(c3ccccc3OC)CC2)cc1,test
Cc1ccc(C)n1-n1cnc2sc3c(c2c1=O)CCCC3,test
O=S(=O)(Nc1ccccc1)c1ccc2c(c1)OCCO2,test
Cc1nn(CCS(=O)(=O)c2ccccc2)c(C)c1Br,test
Cc1nnc(SCC(=O)c2ccccc2)s1,test
COc1ccc(-c2csc3nc[nH]c(=O)c23)c(OC)c1,test
Cc1nc2sc3c(c2c(=O)n1-n1cccc1)CCCC3,test
Cc1sc2nc(C)n(NC(N)=O)c(=O)c2c1C,test
CC(=O)N(Cc1c(NC(=O)c2ccccc2)sc(C)c1C)C(C)C,test
CSc1nc(N)nc(CSc2ccccc2)n1,test
CC1=C(C(=O)OCC2CCCO2)C(c2ccc(C)cc2)NC(=O)N1,test
COC(=O)c1c(C)nn(C(C)=O)c1COc1ccccc1,test
O=C(Cn1cccc(C(F)(F)F)c1=O)c1ccc(Cl)cc1,test
CC(=O)Nc1ccc(OC(=O)c2cccc(C(F)(F)F)n2)cc1,test
O=C(NCc1ccccn1)c1cccc(C(F)(F)F)n1,test
COc1cc(C2NC(=O)NC(C)=C2C(=O)OCC(C)C)ccc1O,test
Cc1cc(C)n(Cc2ccccc2F)c(=O)c1C#N,test
CC(=O)c1sc(CCn2cccc(C(F)(F)F)c2=O)nc1C,test
CSc1nnc(-c2ccc(C(F)(F)F)cn2)o1,test
O=S(=O)(NCCc1ccccc1)c1ccc(Cl)cc1,test
COc1ccccc1NC(=O)c1ccccc1NC(=O)c1ccccn1,test
O=C(CSc1nnc(-c2cnccn2)s1)c1ccccc1,test
Cc1cc(C)c(C(N)=O)c(Oc2ccc(Cl)cc2C)n1,test
Cn1c(=O)c2c(ncn2Cc2cccc(F)c2)n(C)c1=O,test
CC(C)COC(=O)C(C)Nc1n[nH]c(=O)[nH]c1=O,test
COc1ccccc1OCc1nc(C)c(C(C)=O)s1,test
COC(=O)CNC(=O)c1nc(SC)ncc1Cl,test
Cc1nnc(SCC(=O)c2ccc(F)cc2)s1,test
CC1(C)Cc2cccc(C(=O)Nc3ccc(S(N)(=O)=O)cc3)c2O1,test
COc1ccc(NC(=O)c2cc(F)cc3c2OCOC3)cc1,test
CCN(CC)C(=O)c1ccccc1NC(=O)c1ccccc1Cl,test
O=C(Nc1ccccc1C(=O)NCc1ccccc1)c1ccccc1F,test
COc1ccc(OC)c(NC(=O)c2cc3ccccc3oc2=O)c1,test
COc1cccc(NC(=O)c2cc3ccccc3oc2=O)c1,test
Cc1ccccc1NC(=O)c1cc2ccccc2oc1=O,test
O=c1c2c3c(sc2nc2n1CCCC2)CCCCC3,test
O=C(NCc1ccccc1)C1COc2ccccc2O1,test
Cc1ccc(NC(=O)C2COc3ccccc3O2)cc1,test
CCOc1ccccc1NC(=O)C1COc2ccccc2O1,test
CCOC(=O)c1cnn(C(=O)c2ccc(C(F)(F)F)cc2)c1N,test
CC(=O)c1cccc(NC(=O)C2COc3ccccc3O2)c1,test
CC(=O)c1ccc(NC(=O)C2C(C)(C)C2(C)C)cc1,test
NC(=O)c1cc(OCC(F)(F)F)ccc1OCC(F)(F)F,test
CCCc1nnc(SCc2ccc(Br)cc2)n1N,test
Cc1cc(Br)cc(C)c1OCC(=O)NCC1CCCO1,test
Cc1cc(Br)cc(C)c1OCC(=O)NC(C)C,test
COc1ccc(C)cc1NC(=O)c1ccc(O)cc1,test
COc1ccc(NC(=O)c2ccc(O)cc2)cc1Cl,test
COc1ccc(OC)c(CNC(=O)Cc2cccs2)c1,test
COC(=O)CNC(=O)c1cccnc1Oc1ccccc1,test
Cc1cc(OCC(=O)c2ccc(C(F)(F)F)cc2)n2cnnc2n1,test
COC(=O)c1ccc(Cn2cnc3sc(C)c(C)c3c2=O)cc1,test
Cc1cccc(NC(=O)Cn2cnc3sc(C)c(C)c3c2=O)c1C,test
Cc1sc2ncn(CC(=O)Nc3ccc(F)cc3)c(=O)c2c1C,test
COC(=O)Cn1cnc2sc(C(=O)OC)c(C)c2c1=O,test
COC(=O)c1sc2ncn(Cc3ccc(F)cc3)c(=O)c2c1C,test
COC(=O)c1sc2ncn(Cc3ccccc3F)c(=O)c2c1C,test
C=CCn1cnc2sc(C(=O)Nc3ccccc3)c(C)c2c1=O,test
Cc1ccc(S(=O)(=O)NCC(=O)OCc2ccccc2)cc1,test
Cc1ccc(SCC(=O)Nc2ccccc2C(N)=O)cc1,test
COc1ccccc1C1OC(=O)CC1C(=O)Nc1nncs1,test
CC(=O)Nc1ccc(Nc2ncnc3ccccc23)cc1,test
CCOC(=O)C1=C(C)Nc2ncnn2C1c1ccc(OC)cc1OC,test
CC(=O)c1ccc(NC(=O)C2COc3ccccc3O2)cc1,test
O=C(CCOc1ccccc1)NCCc1nc2ccccc2[nH]1,test
CCN(CC)S(=O)(=O)c1ccc(-c2cn3cccnc3n2)cc1,test
CCCc1c(N)ccc2c(=O)cc(C(=O)OCC)oc12,test
CCCc1c(O)ccc2c1OC(C)(CCC(=O)OC)CC2=O,test
COc1ccc(NC(=O)c2cc3ccccc3o2)cc1,test
O=C(NCCc1nc2ccccc2[nH]1)c1cc2ccccc2o1,test
O=C(c1ccccc1)c1ccc2c(c1)OCCCO2,test
CCc1nnc(NC(=O)C(c2ccccc2)c2ccccc2)s1,test
O=C(CSc1nnc2nnc3ccccc3n12)N1CCOCC1,test
CCS(=O)(=O)Nc1ccc(Br)cn1,test
O=C(NCc1ccco1)Nc1ccc(Cl)c(Cl)c1,test
c1ccc2c(c1)c1ccccc1c1nn3nnnc3nc21,test
CCC(=O)Nc1sc2c(c1C(=O)OC)CCCC2,test
COc1ccc(S(=O)(=O)c2ccc(OC)c(OC)c2)cc1OC,test
CC1CCCC(C)N1S(=O)(=O)c1ccccc1,test
O=C1Nc2ccc(S(=O)(=O)N(CCO)CCO)c3cccc1c23,test
CN(C)c1nc2ccc(Cl)cc2nc1N(C)C,test
CCN(CC)C(=O)c1cccc2c1C(=O)c1ccccc1-2,test
Cc1ccc(NC(=O)CCNS(=O)(=O)c2ccc(C)cc2)cc1,test
N#Cc1c2c(c(N3CCOCC3)n3c1nc1ccccc13)CCC2,test
Cc1csc(NS(=O)(=O)c2ccccc2)n1,test
CC(O)CN1CCCn2c1nc1c2c(=O)n(C)c(=O)n1C,test
COC(=O)c1c(NC(=O)c2ccco2)sc(C)c1C,test
O=C(C(O)C(O)C(=O)N1CCCC1)N1CCCC1,test
Cn1c(=O)c2cc3ccc(Cl)cc3nc2n(C)c1=O,test
COC(=O)C12CCC(=O)C(C(=O)OC)(CCC1=O)C2,test
COC(=O)C1=C(NC(C)=O)CCC(C(=O)OC)C1,test
O=C1CCCCCC1C1(O)C(=O)Nc2ccc(Br)cc21,test
Cc1cccc(C(C)C)c1NC(=O)c1ccncc1,test
COc1cc(C2Nc3ccccc3S2)cc(OC)c1OC,test
CCS(=O)(=O)c1ccc(NC(=O)c2ccccc2)c(O)c1,test
Cc1csc(NC(=O)Nc2ccc(Cl)cc2)n1,test
COc1ccc(CCNC(=O)NC(C)(C)C)cc1,test
O=C(c1cncc(Br)c1)N1CCCc2ccccc21,test
COC(=O)c1ccc(CSc2nccn2C)cc1,test
c1ccc(CSc2ncn[nH]2)c(CSc2ncn[nH]2)c1,test
O=C(Nc1c[nH]c(=O)[nH]c1=O)C(c1ccccc1)c1ccccc1,test
COC(=O)COc1cc2occ(-c3cscn3)c(=O)c2cc1C,test
CC(=O)Oc1cccc(C(=O)Nc2cccc(O)c2)c1,test
COc1ccc(OC(=O)c2snnc2C)cc1,test
O=C(Nc1cccc(C(F)(F)F)c1)c1ccco1,test
CC(=O)NCc1c(-c2c(Cl)cccc2Cl)noc1C,test
CC(=O)N1C2C=CC(C2)C1(C(F)(F)F)C(F)(F)F,test
O=C(COc1ccc2c(c1)OCO2)Nc1ccc(F)cc1F,test
C#Cc1cccc(-n2nnc(C(=O)OC)c2-c2ccccc2)c1,test
COc1ccc(S(=O)(=O)NCc2ccccc2)c2cccnc12,test
CC(C)(C)C(=O)Nc1ccc(S(=O)(=O)Nc2ncccn2)cc1,test
Nc1nc(COc2ccccc2Cl)nc(N2CCCCC2)n1,test
COC(=O)c1ccc(OCc2nc(N)nc(N3CCCCC3)n2)cc1,test
COC(=O)c1sccc1NS(=O)(=O)c1cc(C)c(F)c(C)c1,test
Cc1nn(-c2ccc(F)cc2)c2c1C(=O)CC(C)(C)C2,test
Cc1nn(-c2nc3ccccc3n2C)c2c1C(=O)CC(C)(C)C2,test
O=C(Nc1cccnc1)c1scc2c1CCCC2,test
CN(C)c1cccc(N(C)C)c1CNC(=O)Nc1ccccc1,test
Cc1nc(C)c(-c2ccn(C(=O)NC(C)C)n2)s1,test
N#Cc1ccccc1OCC(=O)NCCc1ccccc1,test
COc1ccc(C)cc1S(=O)(=O)NCc1ccccc1,test
O=C1c2ccccc2-c2nn(CC(=O)N3CCOCC3)c3cccc1c23,test
CNC(=O)Nc1ccccc1C(=O)Nc1c(C)nn(C)c1C,test
Cc1noc(C)c1S(=O)(=O)Nc1cc(Cl)cc(Cl)c1,test
Cc1c(-c2ccn[nH]2)nnn1-c1cc(Cl)ccc1Cl,test
CC(=O)c1cnn(-c2ccc(Cl)c(Cl)c2)c1C,test
Cc1c(-c2ccnc(N)n2)nnn1-c1ccc(Cl)cc1Cl,test
Cc1cc(C)n(C(=O)CCC(=O)Nc2ccc(C)c(C)c2)n1,test
CS(=O)(=O)n1nccc1-c1ccc(-c2ccc(F)cc2F)o1,test
COc1ccccc1OCC(=O)Nc1cccc(C#N)c1,test
O=C(Cc1ccccc1)Nc1ccc(S(=O)(=O)N2CCCC2)cc1,test
COc1cccc(NC(=O)COc2ccccc2C)c1,test
COc1ccccc1OC(=O)COc1ccc(Cl)cc1,test
O=C(Nc1ccc(S(=O)(=O)N2CCOCC2)cc1)C1CC1,test
O=C(CCCC(=O)Nc1ccccc1)Nc1ccccc1,test
NC(=O)COc1ccc(Br)cc1Br,test
Nc1ccc(S(=O)(=O)NC2CCCCC2)cc1,test
CCOC(=O)c1nn(-c2ccc(OC)cc2)cc1O,test
COc1cccc(NS(=O)(=O)CC23CCC(CC2=O)C3(C)C)c1,test
COC(=O)CCC(=O)Nc1cccc(Cl)c1C,test
COc1ccc(C(=O)Nc2ccc(N(C)C(C)=O)cc2)cc1,test
Clc1ccc(-c2cncn2N2CCCCC2)cc1,test
CCN(CC)S(=O)(=O)c1ccc(NC(=O)c2ccccc2)cc1,test
COc1ccc2ccccc2c1C(O)c1nccn1C,test
COC(=O)c1cccc(NS(=O)(=O)c2ccccc2)c1,test
COC(=O)c1cc(OC)c(OC)cc1NS(C)(=O)=O,test
O=C(Nc1ccc2c(c1)OCCO2)c1c(F)cccc1Cl,test
O=C(Nc1ccccc1C(=O)Nc1cccnc1)c1ccccc1,test
COc1ccc(C(=O)Nc2ccc(OC(C)C)cc2)cc1OC,test
CC(C)Oc1ccc(NC(=O)c2cccnc2)cc1,test
Cc1ccc(C)c(OCC(=O)Nc2ccccc2C(N)=O)c1C,test
CC(=O)C(C)n1cnc2sc3c(c2c1=O)CCC(C)C3,test
CCOC(=O)Cn1cnc2scc(-c3ccccc3)c2c1=O,test
COC(=O)C(C)n1cnc2scc(-c3ccccc3)c2c1=O,test
CCOC(=O)C(C)n1cnc2scc(-c3ccccc3)c2c1=O,test
C=CCn1cnc2scc(-c3ccccc3)c2c1=O,test
CC(=O)Nc1ccc(C2Nc3ccc(C)cc3O2)cc1,test
COC(=O)CSc1nc(-c2ccc(Cl)cc2)n[nH]1,test
Cc1cc(C)c(NC(=O)c2cccnc2)c(Cl)c1,test
CCOC(=O)Nc1nc2ccc(S(C)(=O)=O)cc2s1,test
CCOC(=O)C1=C(C)Nc2nnnn2C1c1cccc2ccccc12,test
C#CC(CC)(CC)NC(=O)c1cc(OC)c(OC)c(OC)c1,test
CC(C)=CC(=O)Oc1ccc2c(C)cc(=O)oc2c1,test
Cc1nnc2n1Nc1nc3ccccc3nc1S2,test
CCOC(=O)c1nc(NCc2ccccc2)c2ccccc2n1,test
COC(=O)Cn1cnc2scc(-c3ccc(F)cc3)c2c1=O,test
O=C(Cn1cnc2sc3c(c2c1=O)CCCC3)NC1CCCCC1,test
CCn1cnc2sc(C)c(-c3ccccc3)c2c1=O,test
CCOC(=O)c1c(NC(=O)C(C)C)sc(C(C)=O)c1C,test
Cc1ccc(Oc2ncccc2NS(C)(=O)=O)c2c1CCC2,test
Cn1nc(NC(=O)Cn2ccc(C(F)(F)F)n2)c2ccccc21,test
Cc1cc(NS(=O)(=O)c2ccc3c(c2)CCO3)no1,test
Cc1cc(C)c(NC(=O)c2ccc(F)cc2)c(C)c1,test
O=C1NCCN1CCNS(=O)(=O)c1ccc2c(c1)CCO2,test
O=C(COc1ccc(Cl)cc1)NC1CCCC1,test
O=C1OCc2ccc(NC(=O)c3sccc3Cl)cc21,test
Cc1nnsc1C(=O)Nc1ccc2c(c1)C(=O)OC2,test
Cc1cc(NC(=O)Cc2ccccc2)n(-c2ccccc2)n1,test
O=C(NCc1cc(F)cc2c1OCOC2)C1CC1,test
Cc1cccc(C(=O)Nc2ccc3c(c2)OCCO3)c1,test
O=C(COc1cccc(Cl)c1)Nc1ccc2c(c1)OCCO2,test
CC(=O)Nc1ccc(C(=O)OC2CCCCC2)cc1,test
O=C(Nc1cccc(Cl)c1)Nc1ccc2c(c1)OCCO2,test
O=C1OCc2ccc(NS(=O)(=O)c3cccc4cccnc34)cc21,test
CCOc1ccc(OCC(=O)Nc2ccc(OC)cc2)cc1,test
CCOc1ccc(OCC(=O)Nc2nccs2)cc1,test
O=C(Nc1nnc(C2CC2)s1)c1sc2ccccc2c1Cl,test
O=C(Nc1ccc(OC(F)(F)F)cc1)Nc1nnc(C2CC2)s1,test
CCCc1c(C(=O)NCc2ccncc2)cnn1-c1ccccc1,test
COc1cccc2c1c(NC(=O)c1cc(C)oc1C)nn2C,test
CC1=C(C(=O)OC(C)C)C(c2ccc(O)cc2)n2ncnc2N1,test
CCOc1ccccc1C1C(C(=O)OC(C)C)=C(C)Nc2ncnn21,test
COc1ccc(C2C(C(=O)OC(C)C)=C(C)Nc3ncnn32)cc1O,test
CC1=C(C(=O)OC(C)C)C(c2ccc3c(c2)OCO3)n2ncnc2N1,test
Cc1ccc(NC(=O)c2ccc(F)cc2F)cc1NS(C)(=O)=O,test
Cc1ccc2oc(=O)n(CC(=O)c3ccc(F)cc3)c2c1,test
Cc1ccc2c(c1)oc(=O)n2CC(=O)c1ccccc1,test
Cc1nnsc1C(=O)NCc1csc2ccc(Cl)cc12,test
O=C(CSc1ccccc1)NCc1ccc2c(c1)OCO2,test
CCOC(=O)Cn1nnc2sc3c(c2c1=O)CCC(C)C3,test
Cc1cc(C(=O)NC2Cc3ccccc3C2)c(C)o1,test
Cc1cc(C(=O)Nc2ccccc2C(C)C)c(C)o1,test
Cc1ccc(NC2=NS(=O)(=O)c3ccccc32)c(C)c1,test
COCC(=O)Nc1sc2c(c1C#N)CCCC2,test
Cc1ccc(C)c(OCC(=O)Nc2nc(C)c(C)s2)c1,test
COC(=O)Cn1cnc2sc(C(=O)OC(C)C)c(C)c2c1=O,test
COC(=O)Cn1nnc2sc3c(c2c1=O)CCC(C)C3,test
CC1CCc2c(sc3nnn(CC#N)c(=O)c23)C1,test
O=C(Cn1nnc2sc3c(c2c1=O)CCCC3)NCc1ccco1,test
CCc1cc2c(=O)n(CC(=O)Nc3ccc(Cl)cc3)cnc2s1,test
C=CCn1cnc2scc(-c3ccc(OC)c(OC)c3)c2c1=O,test
CCCc1nnc(NC(=O)c2cc3ccccc3o2)s1,test
COC(=O)c1ccc(C(=O)OC)c(N(C)S(C)(=O)=O)c1,test
CC(=O)c1sc(NC(=O)c2ccc(Cl)cc2)nc1C,test
Cc1nc(-c2cnccn2)ncc1S(=O)(=O)c1ccc(Cl)cc1,test
Cc1ccc(OCC(=O)OCC(=O)Nc2ccccc2)cc1,test
Cc1sc2ncn(C)c(=O)c2c1-c1ccc(Cl)cc1,test
Cc1sc2ncn(CC(N)=O)c(=O)c2c1-c1ccc(Cl)cc1,test
COc1ccc2ncc(C(=O)NC3CCCC3)c(Cl)c2c1,test
CSc1sc(C(C)=O)c(-c2ccco2)c1C#N,test
COc1cccc(C(=O)Nc2nc(C)c(C)s2)c1,test
CSc1sc(-c2cc[nH]n2)c(-c2ccco2)c1C#N,test
Nn1c(SCc2ccccc2)nnc1-c1ccccc1,test
COc1ccc(C2NC(=O)c3ccccc3N2)cc1OC,test
CCc1cc2c(=O)n(CC(=O)Nc3ccccc3OC)cnc2s1,test
COCc1nnc(NC(=O)Nc2ccc(Cl)c(Cl)c2)s1,test
COCc1nnc(NC(=O)Nc2cccc(Cl)c2)s1,test
CCN(CC)C(=O)C1=C(C)Nc2ncnn2C1c1ccccc1Cl,test
Cc1cc(C)nc(Nc2ccc(S(N)(=O)=O)cc2)n1,test
O=C(Nc1nccc2ccccc12)c1cccs1,test
O=C(Nc1ccccc1N1CCOCC1)c1cccs1,test
CCC(C(=O)OC)n1cnc2sc(C(=O)OC)c(C)c2c1=O,test
COC(=O)Cn1cnc2sc(C(=O)OCC(C)C)c(C)c2c1=O,test
CS(=O)(=O)N(c1cccc(C#N)c1)S(C)(=O)=O,test
CN(C)c1ccc(-c2n[nH]c(=O)c3ccccc23)cc1N,test
Cc1n[nH]c(=O)nc1Nc1cccc(Br)c1,test
Cc1cc(=O)oc2cc(OC(C)C(=O)NC(C)(C)C)ccc12,test
Cc1cc(=O)oc2cc(OC(C)C(=O)N3CCOCC3)ccc12,test
COc1cc(C(=O)n2ncc(C(C)=O)c2C)cc(OC)c1OC,test
Nn1c(SCC(=O)N2CCCCC2)nnc1-c1ccccc1,test
CCSc1nnc(-c2ccc(OC)cc2)n1N,test
Cc1c(C(N)=O)sc2ncn(CC(=O)N3CCC(C)CC3)c(=O)c12,test
CCOC(=O)c1c(NC(=O)c2ccco2)sc2c1C(C)CCC2,test
COc1cc2c(cc1OC)C(C)N(C(=O)c1ccno1)CC2,test
O=c1c2cc(-c3ccccc3)sc2ncn1CC(O)CO,test
Cc1cc2c(=O)n(C(C)C(=O)Nc3ccc(F)cc3)cnc2s1,test
CC(C)Oc1ccc(-c2csc3nc[nH]c(=O)c23)cc1,test
CS(=O)(=O)c1ccc2c(c1)sc1nc(-c3ccccc3)cn12,test
CCOc1ccccc1NC(=O)Nc1ccc(CC#N)cc1,test
CCOC(=O)c1c[nH]c2ccc(Oc3ccccc3)cc2c1=O,test
CCOC(=O)c1c[nH]c2ccc(OC(C)C)cc2c1=O,test
N#Cc1ccc(NS(=O)(=O)c2ccc3c(c2)CCO3)cc1,test
CCc1ccnc(NS(=O)(=O)c2ccccc2)c1,test
CCc1ccnc(NS(=O)(=O)c2ccc(C)cc2)c1,test
Clc1ccc(OCc2nncn2-c2ccccc2)cc1,test
CCOC(=O)CC1CSc2nc3sc(C)c(C)c3c(=O)n21,test
CCN(CC)C(=O)Oc1ccc(NC(C)=O)cc1,test
O=C(NC1CCCc2ccccc21)c1cccs1,test
O=C(NC1CCCc2ccccc21)c1ccccc1,test
Cc1cc(NC(=O)NCC(O)c2ccccc2)c(C(F)(F)F)o1,test
Cc1c(C(=O)Nc2ccccc2)cnn1-c1ccc(F)cc1,test
O=S(=O)(NC1CCCc2ccccc21)c1ccccc1,test
CCOC(=O)c1c(F)c(F)c(SC)c(F)c1F,test
CCOC(=O)C1CCN(C(=O)c2c(F)cccc2Cl)CC1,test
CN(C)c1cccc2c1c(NC(=O)c1ccc(Cl)cc1)nn2C,test
O=C1NCCN1CCN1C(=O)c2ccccc2NC1c1ccccc1,test
COc1ccccc1NC(=O)Nc1ccccc1N1CCOCC1,test
O=C(Nc1ccc(F)cc1)Nc1ccccc1N1CCOCC1,test
O=C(Nc1ccccc1N1CCOCC1)c1ccccc1,test
Cc1nnsc1C(=O)Nc1ccccc1N1CCOCC1,test
COc1ccc(C(=O)Cc2cnc3ccccc3n2)cc1,test
COc1ccc(C(=O)Cc2ccc3ccccc3n2)cc1,test
CS(=O)(=O)c1ccc(N2CCCCC2)c(N)c1,test
COC(=O)c1sccc1Nc1nc(C)cc(C)n1,test
CCOC(=O)C1CCN(S(=O)(=O)c2cccs2)CC1,test
CCOC(=O)CSc1cc(-c2ccccc2)nc2ncnn12,test
CCOC(=O)C1CCN(C(=O)Nc2ccc(F)cc2F)CC1,test
CC(c1ccccc1)n1c(SCC(=O)N2CCOCC2)n[nH]c1=O,test
Cc1nc(S(=O)(=O)N(C)C2CCCCC2)cn1C,test
COC(=O)c1c(C)oc(C)c1S(=O)(=O)N(C)C1CCCCC1,test
COC(=O)c1cn(Cc2ccc(OC)c(C(C)(C)C)c2)nn1,test
Cc1noc(C)c1C(=O)N1CCCCC1c1ccccn1,test
Cc1nn(-c2ccccc2)nc1C(=O)Nc1ccc2[nH]ccc2c1,test
Cc1noc(C)c1S(=O)(=O)Nc1ccc2[nH]ccc2c1,test
O=C(NCc1ccco1)c1ccc2c(c1)OCCCO2,test
Cc1noc(C)c1C(=O)N1CCN(C(=O)c2ccco2)CC1,test
Clc1cccc(-c2[nH]ncc2-c2nnnn2-c2ccccc2)c1,test
COC(=O)c1c(C)c(Br)c(O)c(Br)c1O,test
O=C(c1ccco1)N1CCN(C(=O)c2ccco2)CC1,test
NC(=O)c1ccc2c(c1)Cc1cc(C(N)=O)ccc1-2,test
Cc1cc(CN2C(=O)c3ccccc3S2(=O)=O)no1,test
O=C(Nc1cccs1)N1CCN(C(=O)C2CCCO2)CC1,test
Nc1ccc(-c2ccc(N)cc2Cl)c(Cl)c1,test
COc1ccccc1NC(=O)NCc1ccc(C)n1C,test
Cc1ccc(CNC(=O)Nc2ccc(OC(F)(F)F)cc2)n1C,test
O=C(Nc1ccc(Cl)cc1)C1CC(=O)N(Cc2ccc(F)cc2)C1,test
N#Cc1ccc(CNC(=O)Nc2ccc(F)cc2)cc1,test
c1ccc2c(c1)NC(c1ccc3c(c1)OCCO3)n1cccc1-2,test
Cn1c(=O)c2c(nc(Oc3cccc4cccnc34)n2C)n(C)c1=O,test
CCOC(=O)c1cnn(C(=O)Cc2cccc(OC)c2)c1N,test
CCOC(=O)CSc1nnc(-c2ccncc2)n1C,test
CCOC(=O)COc1nc(-c2ccco2)cc(-c2ccco2)c1C#N,test
CSc1ncnc2c1nnn2Cc1ccccc1Cl,test
CCOC(=O)c1nnn2c3ccccc3c(=O)n(C)c12,test
O=C(NCc1ccccn1)Nc1csc2ccccc12,test
O=C(CSc1ccccc1)N1CCc2ccccc21,test
CC(=O)Oc1c(-c2ccccc2)c(=O)n2c3c(cccc13)CC2,test
Fc1ccc(Cn2c3ccccc3c3nn4cnnc4nc32)cc1,test
CC1=Nn2c(nc3sc(C)c(C)c3c2=O)SC1,test
c1ccc(C2COC(CC3=NC(c4ccccc4)CO3)=N2)cc1,test
N#CCc1cn(-c2ccccc2)nc1-c1ccccc1,test
COC(=O)c1cccc(Cn2nc(C)c(Br)c2C)c1,test
CC1(c2ccc(Cl)cc2Cl)OCC(Cn2cncn2)O1,test
CCOC(=O)Cc1nc(C2COc3ccccc3O2)no1,test
O=c1[nH]c2ccsc2c(=O)n1-c1ccc(Cl)cc1,test
CC1(C(=O)N2CCOCC2)CCC(C(=O)N2CCOCC2)C1(C)C,test
CN(C)C1=NC(C(F)(F)F)(C(F)(F)F)N=C(c2cccnc2)O1,test
O=C(NC1CCN(C(=O)c2cccs2)CC1)C1CCCCC1,test
O=C(Nc1ccccc1)N1CCN(c2cccc3[nH]ccc23)CC1,test
c1ccc2c(c1)CC1OC(CC3=NC4c5ccccc5CC4O3)=NC21,test
O=C(Nc1ccc(Cl)cc1Cl)c1cnccc1Cl,test
CC(=O)Oc1cc(CO)cc(OC(C)=O)c1OC(C)=O,test
N#Cc1cc(Br)cc(Br)c1O,test
Fc1cccc(-c2[nH]ncc2-c2nnnn2-c2ccccc2)c1,test
Nc1ccc(S(=O)(=O)Nc2ccc(C(F)(F)F)cc2)cc1,test
Cc1c(C(N)=O)nnc2cc(-c3ccccc3)nn12,test
Cc1noc(C(F)(F)F)c1C(=O)OCc1ccccc1,test
CCOC(=O)C1=C(Nc2ccc(F)cc2)C(=O)N(C(C)(C)C)C1,test
Nc1nc(N2CCCC2)ncc1S(=O)(=O)c1ccc(Cl)cc1,test
Cc1onc(-c2ccccc2Cl)c1C(=O)NCCc1ccncc1,test
CCOC(=O)c1cnn(-c2ccccc2)c1-n1cccc1,test
CCOC(=O)c1cc(Cl)cc(C(=O)OCC)n1,test
COc1ccc(OC)c(S(=O)(=O)NC2CC2)c1,test
CCOC(=O)c1cnc(SCC(=O)c2ccc(F)cc2)nc1N,test
Oc1cc(N2Cc3ccccc3C2)c(F)cc1Cl,test
CCOC(=O)c1c(-c2ccc3ccccc3c2)c[nH]c1N,test
COc1ccc(NS(=O)(=O)c2ccc(OC)cc2)cc1,test
COc1ccc(CCNC(=O)c2ccncc2)cc1,test
CCOC(=O)c1csc(-c2ccc3nonc3c2)n1,test
CCc1c(C)sc(NC(=O)c2ccccc2OC)c1C(N)=O,test
COC(=O)C1CCN(S(=O)(=O)c2ccc(F)cc2)CC1,test
O=C1NC(CO)(c2ccccc2)Nc2ccccc21,test
Cc1ccccc1C(=O)Nc1ccccc1C(=O)N1CCC(C)CC1,test
COc1ccc(-c2nc3cc(N)ccc3o2)cc1OC,test
COc1ccccc1C(CC#N)c1ccc2c(c1)OCO2,test
CNc1snc(N2CCC(C(=O)OC)CC2)c1C#N,test
CNC(=O)c1cc(Br)cc2c1OCC2,test
COC(=O)C1=C(C)N(Cc2ccc(Cl)cc2)C(=O)CC1,test
Cc1nc(-c2ccc(NC(=O)c3cccnc3)cc2)cs1,test
COC(=O)c1ccc(NC(=O)OC(C)(C)C)nc1,test
C(#Cc1ccc(-c2cc[nH]n2)s1)c1ccccc1,test
COc1ccc(-n2nc3cc(C)c(NC(C)=O)cc3n2)cc1,test
O=C(Nc1ccc2c(c1)C(=O)OC2)c1ccc(Cl)cc1,test
O=C(Nc1ccc2c(c1)C(=O)OC2)c1cccs1,test
CSc1nn(-c2ccccc2)cc1C(=O)N1CCOCC1,test
c1cnn(-c2nc(N3CCOCC3)nc(N3CCOCC3)n2)c1,test
N#Cc1nccnc1N1CCN(C(=O)c2ccccc2)CC1,test
COC(=O)c1cccc(NC(=O)NCc2ccccc2)c1,test
COc1cccc(-n2c(N)cc(=O)n(Cc3ccccc3)c2=O)c1,test
O=C(Nc1ccc(Cl)cc1)c1ccc2nonc2c1,test
COc1ccc(C)c(NC(=O)NCc2ccccc2)c1,test
COc1ccc(Cn2c(=O)cc(N)n(-c3ccccc3C)c2=O)cc1,test
O=C(Nc1ccc(Cl)cc1)c1ccc2ncccc2c1,test
COc1ccc(CNC(=O)Nc2ccccc2SC)cc1,test
COC(=O)c1ccc(Cn2nnc3ccccc32)cc1,test
COc1ccc(CNC(=O)Nc2ccccc2OC)cc1,test
COc1cccc(CNC(=O)Nc2ccccc2C)c1,test
Cn1nnnc1SCC(=O)NC1Cc2ccccc2C1,test
O=C(Cn1cnc2ccccc2c1=O)c1ccc(Cl)cc1,test
O=C(CSc1cccs1)NC1Cc2ccccc2C1,test
O=C(Cn1nnc2ccccc21)NC1Cc2ccccc2C1,test
O=c1c2ccccc2ncn1Cc1ccccc1F,test
Cn1c(CNC(=O)c2ccccc2)nnc1SCc1ccccc1,test
COCC(C)NC(=O)c1cc2c(C)cc(C)cc2[nH]1,test
CC(=O)OCC12CC=C(C)C(C1)C(c1ccccc1OC(C)=O)OC2,test
COc1ccc(S(=O)(=O)N2CCCCC2)cc1Br,test
Cc1c(C(=O)Cn2ccnc2)sc2ccc(Cl)cc12,test
Nc1nccc(-c2ccc(NC(=O)Nc3ccccc3)cc2)n1,test
COc1ccc(OC)c(S(=O)(=O)NC(C)(C)C)c1,test
O=C(Nc1ccc(NC(=O)c2cccs2)cc1)c1ccco1,test
Cc1ccc(SCC(=O)Nc2ccc(C#N)cc2)cc1,test
O=C(CSc1ccccn1)Nc1ccc2c(c1)OCCO2,test
Cc1ccc(F)cc1NC(=O)CSc1ccccn1,test
CC1CCCC(C)N1C(=O)c1ccc(F)c(F)c1,test
CSc1cccc(NC(=O)CSc2nnnn2C)c1,test
O=C(Nc1ccccc1C(=O)N1CCCC1)c1cccc(F)c1,test
CCNS(=O)(=O)c1cccc2c(N)cccc12,test
COc1ccc(-c2csnn2)cc1S(=O)(=O)Nc1ccccc1,test
Cc1ccc(C(=O)Nc2ccc(S(=O)(=O)N3CCCC3)cc2)cc1,test
CCN(CC)S(=O)(=O)c1ccc(NC(=O)c2cccc(C)c2)cc1,test
COC(=O)CCc1c(C)[nH]c(C(=O)OC(C)(C)C)c1C,test
O=C(c1ccc(F)cc1)N1CCC(c2ccccc2)C1,test
Cc1ccc(-n2nnnc2-c2cn[nH]c2C(F)(F)F)cc1,test
Cc1ncc(-c2nnnn2-c2ccccc2)c(C(F)(F)F)n1,test
FC(F)(F)c1ncncc1-c1nnnn1-c1ccccc1,test
C=CCN(CC=C)C(=O)COc1ccc(Cl)cc1,test
CC(C)C(=O)Nc1ccc2oc(-c3ccncc3)nc2c1,test
CN(C)C(=O)C(NC(=O)c1ccccc1)=C1CCCCC1,test
CC1(C)CC(=O)CC(C)(C)N1C(O)C(Cl)(Cl)Cl,test
COc1ccc2[nH]cc(CCN3CCOC3=O)c2c1,test
O=C(Cn1cncn1)c1ccc(Br)cc1Br,test
COc1ccc2nc(NC(=O)c3ccc(N)cc3)sc2c1,test
c1ccc(Cn2ncc3c(N4CCCCCC4)ncnc32)cc1,test
Cc1ccccc1OCCn1c(SCC(N)=O)nc2ccccc21,test
O=C(NC1CC1)C1CC(=O)N(c2ccc(Cl)cc2)C1,test
COc1ccccc1NCc1c(C#N)c2ccccc2n1C,test
CCc1cccc(C)c1NC(=O)c1c(-c2ccccc2)noc1C,test
OCc1cn(-c2ccccc2)nc1-c1ccc(Br)cc1,test
CC(C)(C)NC(=O)Cn1nnc(-c2ccc3c(c2)OCO3)n1,test
CC(=O)c1c(C(C)=O)c(C)n(NC(=O)c2ccccc2O)c1C,test
O=C(c1ccc2c(c1)OCO2)N1CCCC(c2ccccc2)C1,test
O=C(Nc1ccccc1C(=O)N1CCOCC1)Oc1ccccc1,test
COc1cccc2cc(C(=O)Nc3cccc(C(C)=O)c3)c(=O)oc12,test
CN(C(=O)c1ccc(NC(=O)c2ccco2)cc1)C1CCCCC1,test
O=C(Nc1ccc2c(c1)OCO2)c1cccc(F)c1,test
Cc1ccc(OCC(=O)NCc2ccccn2)c(Br)c1,test
CCOc1ccc(N(C(C)=O)c2nc(C)cc(C)c2C#N)cc1,test
Cc1ccccc1N1CCN(S(=O)(=O)c2ccccc2)CC1,test
O=C(c1cc2cc(Br)ccc2oc1=O)N1CCOCC1,test
COc1cc2c(cc1OC)CC(C)(C)N(C(=O)c1ccccc1)C2,test
O=C(c1cccnc1)N1CCN(c2ccc(Cl)cc2)CC1,test
CCCC1=C(C(=O)OCC)C(c2ccccc2OC)NC(=O)N1,test
COC(=O)c1ccc(C(=O)Nc2nc3cc(N)c(C)cc3s2)cc1,test
CCOC(=O)c1ccc(CSc2nnc(C)n2N)o1,test
COc1ccc(S(=O)(=O)NCc2ccccc2)cc1,test
COc1ccc(S(=O)(=O)NCc2cccnc2)c2ccccc12,test
COc1ccc(S(=O)(=O)Nc2ccccn2)c2ccccc12,test
Cc1ccnc(NS(=O)(=O)c2ccc(Br)cc2)c1,test
COC(=O)CSc1nnc(-c2ccc(OC)cc2)o1,test
CCOc1ccc(OCC)c(S(=O)(=O)n2cc(C)nc2CC)c1,test
CC(C)Cn1c(N2CCCCCC2)nc2c1c(=O)[nH]c(=O)n2C,test
CCSc1nc2c(c(=O)[nH]c(=O)n2C)n1CCc1ccccc1,test
O=C(c1cc2ccccc2cc1O)N1CCOCC1,test
OC(COCC1CC=CCC1)Cn1cnc2ccccc21,test
COc1ccc(OCC(O)Cn2cnc3cc(C)c(C)cc32)cc1,test
O=C(Nc1ccc(F)cc1)c1ccc2c(c1)OCCO2,test
O=C(Nc1nnc(-c2ccccc2)s1)c1ccco1,test
O=S(=O)(Nc1nccs1)c1ccc(-n2cnnn2)cc1,test
COc1cccc(-n2c(C)nc3ccccc3c2=O)c1,test
O=C(NCC1OCCc2ccccc21)c1ccccc1,test
COc1ccccc1N1CCN(C(=O)COc2ccccc2)CC1,test
COc1ccc2c(c1OC)C(=O)OC2Nc1cccc(C)c1,test
Cc1cc(C)nc(Nc2ncc(O)n2-c2cccc(Cl)c2)n1,test
CC(=O)NS(=O)(=O)c1ccc(NC(=O)CC(C)(C)C)cc1,test
COc1cc(C)nc(N(C)S(=O)(=O)c2ccccc2Cl)n1,test
CC1(C)N=C(O)N(CC(O)COc2ccc3ccccc3c2)C1=O,test
CCCC(C)C(=O)Nc1ccc(S(=O)(=O)NC(C)=O)cc1,test
Cc1nc2ccccc2c(=O)n1NC(=O)c1ccc(Cl)c(Cl)c1,test
Cc1nc2ccccc2c(=O)n1NC(=O)c1cccc(Cl)c1,test
COc1ccc(C(=O)Nn2c(C)nc3ccccc3c2=O)cc1,test
Cc1nc2ccccc2c(=O)n1NC(=O)COc1ccccc1,test
COc1cccc(CC(=O)Nn2c(C)nc3ccccc3c2=O)c1,test
CNS(=O)(=O)c1cc(-c2n[nH]c(=O)c3ccccc23)ccc1C,test
Nc1ccc(S(=O)(=O)Nc2ccc(F)cc2)cc1,test
O=C(CCCC(=O)N1CCc2ccccc21)N1CCc2ccccc21,test
Cc1ccc(C(=O)Nc2ccccc2)cc1S(=O)(=O)N1CCCC1,test
COc1ccc(C(=O)Nn2c(C)nc3ccccc3c2=O)c(OC)c1,test
COc1ccc(C(=O)Nn2c(C)nc3ccccc3c2=O)cc1OC,test
Cc1nc2ccccc2c(=O)n1NC(=O)c1c(F)cccc1F,test
O=C(Nc1ccc(-c2cn3ccccc3n2)cc1)c1ccncc1,test
O=C(NCC1OCCc2ccccc21)c1ccco1,test
O=C(Nn1cnc2ccccc2c1=O)c1c(F)cccc1F,test
NC(=O)c1cc(-c2ccc(O)cc2)nc2ccccc12,test
O=C(Nc1ccc(F)c(F)c1)c1ccccc1F,test
OCCn1c(-c2ccccc2)cn2c3ccccc3nc12,test
O=C(NCc1ccco1)c1ccc(Cl)c(Cl)c1,test
COc1ccc(NS(=O)(=O)CC(C)C)c(OC)c1,test
Nc1ccc2nc(SCC(=O)Nc3ccccc3)sc2c1,test
COC(=O)c1ccccc1-n1c(C)nc2ccccc2c1=O,test
COc1ccc(OC)c(-n2c3nc(=O)[nH]c(=O)c-3cc3ccccc32)c1,test
COc1ccc(-n2c3nc(=O)[nH]c(=O)c-3cc3ccccc32)cc1,test
COc1ccc(C(O)C(C)Oc2ccccc2OC)cc1OC,test
CC(C)(C)S(=O)(=O)c1ccc2nc3c(n2c1)CCCC3,test
O=C1c2ccccc2-c2nc3ncnn3c(-c3ccccc3)c21,test
O=C(c1cc(F)c(F)cc1Cl)N1CCCCC1,test
COc1ccc(C=c2sc3nc4ccccc4n3c2=O)cc1O,test
O=C(Nc1cccc(NC(=O)c2ccco2)c1)c1ccco1,test
Cc1nn(-c2ccccc2)c(C)c1CC(=O)NCCc1ccccc1,test
COc1ccc(CCC2=NCCn3cccc32)cc1OC,test
O=S(=O)(Nc1ccccn1)c1cccc(C(F)(F)F)c1,test
COc1ccccc1C(=O)Nc1ccc2c(c1)OCCO2,test
COc1ccc2c(c1)c(C(C)=O)c(C)n2-c1ccc(C(C)=O)cc1,test
Cc1ccc(N2CC(C(=O)Nc3ccc4c(c3)OCO4)CC2=O)cc1,test
CCOC(=O)C1(O)c2ccccc2NC(=O)N1C,test
COc1ccc2nc3c(nc2c1)C(=O)c1ccccc1-3,test
CCn1c(C)nc2cc(S(=O)(=O)NC)ccc21,test
O=S(=O)(Cc1ccccc1)c1nc2ccccc2[nH]1,test
CNC(=O)c1c(NC(=O)c2ccccc2C)sc2c1CCC2,test
COc1ccc(C(=O)c2ccc(OC)c(OC)c2)cc1,test
COc1ccc(C2OCC3(CO)CC=C(C)C2C3)cc1,test
CC(C)COC(=O)n1c(=O)oc2cc(Br)ccc21,test
O=c1c(=Cc2ccc(OCc3ccccc3)cc2)sc2ncnn12,test
c1ccc(Cn2ncc3c(N4CCOCC4)ncnc32)cc1,test
CC(=O)Nc1nc2ccc(Br)cc2s1,test
CCOC(=O)C(C#N)c1nc2ccccc2nc1N1CCCCC1,test
CC(=O)Nc1ccc2nc(NC(=O)c3ccc(Cl)cc3)sc2c1,test
COc1ccc(C(=O)Nn2cnc3ccccc3c2=O)cc1,test
Cc1nc2cc(NC(=O)c3ccccc3)ccc2n1C,test
O=C1CCCN1c1ccc(S(=O)(=O)N2CCOCC2)cc1,test
CN(C)S(=O)(=O)c1ccc2c(c1)nc1n2CCC1,test
O=C(COc1ccc(C2CCCCC2)cc1)Nc1c[nH]c(=O)[nH]c1=O,test
Nc1cccc(S(=O)(=O)c2ccc(N)c(N)c2)c1,test
COC(=O)c1ccccc1NC(=O)c1ccc(F)cc1,test
Cc1ccc(C(=O)N2CCN(S(=O)(=O)c3ccccc3)C2)cc1,test
CC(=O)N1CCN(S(=O)(=O)c2ccc(C)cc2)C1C,test
O=C(c1cc2ccccc2oc1=O)n1nnc2ccccc21,test
CCOC(=O)N1CCN(S(=O)(=O)c2cccc3cccnc23)CC1,test
Nn1c(Nc2ccccc2)nc2ccccc2c1=O,test
Fc1ccc(C2CC(c3cccs3)=Nc3ncnn32)cc1,test
O=C(NC1(C(F)(F)F)Oc2ccccc2O1)N1CCOCC1,test
COc1ccc(Nc2nnc(C(C)(C)C)c(=O)n2N)c(OC)c1,test
COC(=O)C1=C(C)Nc2ncnn2C1c1ccccc1,test
COC(=O)C1=C(C)Nc2ncnn2C1c1ccc(Br)cc1,test
CC1=C(C(=O)Nc2ccccc2)C(c2ccccc2)n2ncnc2N1,test
Cc1cc(NC(=O)c2ccc(C(=O)Nc3cc(C)on3)s2)no1,test
COC(=O)C1=C(C)Nc2ncnn2C1c1ccc2ncccc2c1,test
CC1=C(C(=O)Nc2ccccn2)C(c2ccc(O)cc2)n2ncnc2N1,test
c1coc(CNc2nc(-c3cccs3)cs2)c1,test
CCSc1nnc(NC(=O)c2cccnc2)s1,test
CCOC(=O)c1cccc(C(=O)Nc2nccs2)n1,test
CC(=O)Oc1ccc2c(=O)c(-c3ccccn3)coc2c1,test
COC(=O)c1cccc(C(=O)Nc2ccc(Br)cc2)n1,test
COC(=O)c1cccc(C(=O)Nc2ccc(F)cc2)n1,test
CCOC(=O)c1nc(NC(=O)COc2ccc(C)cc2)sc1C,test
CC(C)OC(=O)c1cccc(C(=O)Oc2ccccc2)n1,test
O=C1NC(c2c[nH]c3ccccc23)Nc2sc3c(c21)CCCC3,test
O=C(Nc1ccccn1)c1cccc(S(=O)(=O)N2CCCCC2)c1,test
O=C(COc1ccc(F)cc1F)Nc1ccc(F)cc1,test
Cc1cc(N)cc2sc(NC(=O)c3ccc(N)cc3)nc12,test
COc1ccc2oc(=O)c(C(=O)Nc3ccc(F)cc3)cc2c1,test
CCOC(=O)Cn1c(N2CCCCCC2)nc2c1c(=O)[nH]c(=O)n2C,test
Cc1nc(S(=O)(=O)c2ccc(Cl)cc2)c(N(C)C)o1,test
Cc1nc(S(=O)(=O)c2ccccc2)c(N2CCOCC2)o1,test
Cc1nc2ccc(-c3ccc4nc(C)oc(=O)c4c3)cc2c(=O)o1,test
O=C(NCc1cccnc1)c1ccc(NC(=O)c2cccs2)cc1,test
Cc1cc(N)cc2sc(NC(=O)C3CCCCC3)nc12,test
OCC(O)C1OC(Nc2ccc(Br)cc2)C(O)C1O,test
CCOc1ccc(NC(=O)c2ccc(-n3cnnn3)cc2)cc1,test
Nc1ccc(C(=O)Nc2ccc(NC(=O)c3ccc(N)cc3)cc2)cc1,test
COC(=O)CCS(=O)(=O)c1ccc2ccccc2c1,test
COc1ccc(C(=O)Nc2nc3c(OC)cccc3s2)cc1OC,test
Cn1c(SCc2ccccc2)nc2c1c(=O)[nH]c(=O)n2C,test
Cc1csc2nc(CSc3nc4ccccc4[nH]3)cn12,test
Cc1ccc(S(=O)(=O)CC2CC2(Cl)Cl)cc1,test
O=C(NCc1ccc(N2CCCC2=O)cc1)c1cccc(Cl)c1,test
CC(C)Cc1nnc(NC(=O)CCc2ccccc2)s1,test
CC(=O)Nc1ccc(NC(=O)c2cccs2)cc1Cl,test
Cn1c(-c2nonc2NC(=O)c2ccccc2F)nc2ccccc21,test
COC(=O)c1cc(NC(=O)Cc2cccs2)cc(C(=O)OC)c1,test
C=C(C)C1Cc2c(C)nn(-c3cc(C)nc(C)n3)c2C1,test
CCC(=O)Nc1c(C)n(C)n(-c2ccccc2)c1=O,test
NC(=O)c1ccc(NC(=O)c2ccccc2F)cc1,test
O=C(COc1ccc(Br)cc1)Nc1ccncc1,test
O=C(COc1ccc(Br)cc1)NCc1ccccn1,test
COc1ccc(CCNS(=O)(=O)c2ccccc2)cc1OC,test
COc1ccc(OCCn2c(C)nc3ccccc32)cc1,test
Cc1c(NC(=O)c2ccc(F)cc2)c(=O)n(-c2ccccc2)n1C,test
CNc1nc(Nc2nc(C)cc(C)n2)nc(OCC(F)(F)F)n1,test
COC(=O)CNC(=O)c1c(-c2ccccc2Cl)noc1C,test
O=c1oc2ccc(Cl)cc2c(=O)n1-c1ccc(F)cc1,test
CCOC(=O)C1C(=O)NC2(C)CC1c1cc(OC)ccc1O2,test
COc1ccc2occ(C(O)c3ccccc3)c2c1,test
O=C(c1ccccc1)N1CCCOC1c1ccccc1,test
COc1ccccc1NC(=O)c1nn(C)cc1Br,test
COc1cccc2cc(C(=O)Nc3cccc(Cl)c3)c(=O)oc12,test
Cc1nn(C(=O)c2ccccc2)c2c1C(=O)CC(C)(C)C2,test
COc1ccc(C2(C#N)CCC(O)CC2)cc1OC,test
Cc1ccc(-n2c(C)nc3c(cnn3-c3ccccc3)c2=O)cc1,test
COc1ccc(C(=O)c2c(N)c(C#N)c(C)n2-c2ccccc2)cc1,test
Cc1c(NC(=O)NCC(F)(F)F)c(=O)n(-c2ccccc2)n1C,test
CC(C)(C)C(=O)Nc1cccc(NC(=O)C(C)(C)C)n1,test
O=C(NC1CCCCC1)c1cc2c([nH]c1=O)CCCC2,test
O=C(Nc1c2c(nc3c1CCC3)CCCC2)C1CCCCC1,test
CCOc1ccc(-c2cc(C3CC3)c(C#N)c(N)c2C#N)cc1,test
Cn1cnnc1SCC(=O)n1c2ccccc2c2ccccc21,test
Cc1cc(Nc2cc(Cl)ccc2O)n2nnnc2n1,test
O=C(COc1ccccc1)N1CCN(C(=O)c2cccs2)CC1,test
Cc1ccc(C=c2sc3nc(-c4cccnc4)nn3c2=O)cc1,test
COc1ccc(-c2nc3sc(=Cc4ccncc4)c(=O)n3n2)cc1,test
O=C(Nc1nnc(-c2cccnc2)s1)c1ccccc1,test
N#Cc1nc(COc2ccccc2Cl)oc1N1CCCC1,test
N#Cc1nc(COc2ccccc2F)oc1N1CCCC1,test
Cc1ccc(NC(=O)Cn2c(=O)[nH]c3ccsc3c2=O)cc1,test
O=C(CCc1nc2sc3c(c2c(=O)[nH]1)CCCC3)N1CCCCC1,test
CC(NC(=O)c1ccccc1)c1nc2ccccc2n1C,test
COC(=O)c1ccc(COc2ccc3ccc(=O)oc3c2)o1,test
COc1cc(NC(=O)c2cccs2)c(OC)cc1Cl,test
CC(=O)NCCc1nc2ccccc2n1Cc1c(F)cccc1Cl,test
C=CCn1c(CCNC(=O)CC)nc2ccccc21,test
C=CCn1c(CCNC(=O)CCC)nc2ccccc21,test
C=CCn1c(CCNC(=O)c2ccccc2)nc2ccccc21,test
COc1cc2[nH]c(=O)n(CCC(=O)NC(C)C)c(=O)c2cc1OC,test
Cn1c(=O)n(C)c2cc(S(=O)(=O)N3CCCCC3)ccc21,test
CC1=C(C(=O)OC(C)C)C(C=Cc2ccccc2)NC(=O)N1,test
O=C1CCCc2[nH]nc(-c3ccc(Br)cc3)c21,test
CCOC(=O)C1C(=O)OC2(CCOC(C)(C)C2)C1C(=O)OCC,test
Cc1cccc(NC(=O)C2CC(=O)OC23CCOC(C)(C)C3)c1,test
Cc1cccc(C)c1NC1OC(=O)c2ccccc21,test
N#Cc1c(C(F)(F)F)cc(-c2ccccc2)nc1SCC(N)=O,test
CCOc1ccc(NC(=O)CCSc2nnc(C)s2)cc1,test
CN(C)C(=O)CCn1cnc2c1c(=O)[nH]c(=O)n2C,test
COc1ccccc1-c1nc2ccc(OC(C)=O)cc2c(=O)o1,test
N#Cc1cc2sc3nc4ccccc4n3c2cc1C#N,test
[H]N=C1NC(=Nc2cccc(Cl)c2)NC(C)(C)N1,test
CCOC(=O)C1C2C=CC3(CN(Cc4ccccc4)C(=O)C13)O2,test
CCOC(=O)C1C2C=CC3(CN(C(C)c4ccccc4)C(=O)C13)O2,test
O=C1CN2C(=N1)N(Cc1ccccc1)c1ccccc12,test
CC(=O)NCc1cc(-c2nn(C)c(=O)c3ccccc23)ccc1C,test
CC(C)NC(=O)CN1C(=O)c2cccc3cccc1c23,test
COc1ccc(CC(=O)NCC2OCCc3ccccc32)cc1,test
Cc1cc(C(=O)Nc2nnc(-c3ccccc3)s2)no1,test
Cc1cc(C(F)(F)F)nn1CC(=O)NCc1ccccc1,test
O=C(c1cc2ccccc2c(=O)o1)N1CCc2ccccc21,test
O=C(Nc1ccc(F)cc1)c1cc2ccccc2c(=O)o1,test
Cc1cccc(NC(=O)c2cc3ccccc3c(=O)o2)n1,test
COc1cccc2cc(C(=O)Nc3ccc(F)c(F)c3)c(=O)oc12,test
CN(Cc1cnn(C)c1)C(=O)c1cc2ccccc2oc1=O,test
Cc1ccc(C(=O)N2CCCN(C(=O)c3ccc(C)o3)CC2)o1,test
COc1cccc2cc(C(=O)NCc3cccs3)c(=O)oc12,test
Cn1c(=O)c2cn(-c3cccc(C(F)(F)F)c3)cc2n(C)c1=O,test
O=C1OC(C(=O)Nc2ccc(C(F)(F)F)cc2)Cc2ccccc21,test
O=C1OC(C(=O)Nc2cccc(Br)c2)Cc2ccccc21,test
O=C1OC(C(=O)Nc2ccccc2Cl)Cc2ccccc21,test
Cc1cc(C)c(NC(=O)C2Cc3ccccc3C(=O)O2)c(C)c1,test
O=C1OC(C(=O)Nc2cccc(Cl)c2)Cc2ccccc21,test
CCC(Sc1nc(C)cc(=O)[nH]1)C(=O)Nc1ccccc1OC,test
c1ccc(-c2nc3c4c5c(sc4ncn3n2)CCCC5)nc1,test
Cc1[nH]c2ccccc2c1C(=O)CSc1ccccn1,test
Cc1ccc(NC(=O)CSc2nc(C)cc(C)c2C#N)cc1,test
Cn1c(=O)c2cn(-c3ccccc3Cl)cc2n(C)c1=O,test
Cc1cc(C)cc(-n2cc3c(=O)n(C)c(=O)n(C)c3c2)c1,test
CCCn1cc2c(c1-c1ccccc1)c(=O)n(C)c(=O)n2C,test
COc1ccc(C(=O)Oc2cc(=O)oc3ccccc23)cc1OC,test
Cc1cc(C)n(C(=O)COc2ccc(Cl)cc2C)n1,test
Cc1nn(C(=O)CNC(=O)c2ccccc2)c(C)c1C,test
CS(=O)(=O)Nc1nc2ccc(Cl)cc2s1,test
CC1(C)Cc2ccccc2-c2nnc(C(F)(F)F)n21,test
O=C(c1ccc(Br)cc1)N1CCOCC1,test
CCOC(=O)C1C2C=CC3(CN(c4ccc(OC)cc4)C(=O)C13)O2,test
CCOC(=O)C1C2C=CC3(CN(c4ccccc4)C(=O)C13)O2,test
Cc1ccc2[nH]c(SCC(=O)N3CCOCC3)nc2c1C,test
NC(=O)C1CCN(S(=O)(=O)c2ccccc2)CC1,test
C=C1Cn2c(nc3c2c(=O)n(C)c(=O)n3C)S1,test
CCN(CC)C(=O)Cn1c(-c2nonc2N)nc2ccccc21,test
COc1ccccc1N1CCN(C(=O)c2cccc(C)c2)CC1,test
O=C(c1ccn(C(=O)c2ccc(Cl)cc2)n1)N1CCCCC1,test
O=S1(=O)N=C(Nc2ccccc2O)c2ccccc21,test
O=c1c(=Cc2cccc(Br)c2)sc2ncnn12,test
CC(=O)Oc1ccc(C=c2sc3ncnn3c2=O)cc1,test
COc1cccc(C=c2sc3ncnn3c2=O)c1OC,test
Cc1cc(Cl)ccc1NC1=NS(=O)(=O)c2ccccc21,test
CCOC(=O)c1cnc2c(C#N)cnn2c1-c1ccccc1,test
CC(C)c1ccccc1NC1=NS(=O)(=O)c2ccccc21,test
COC(=O)C1=C(C)N(Cc2ccc(OC)cc2)C(=O)C1,test
Cc1ccc(S(=O)(=O)N2CCC(C(=O)NC(C)C)CC2)cc1,test
O=c1nc2sc3ccccc3n2c(=O)n1-c1ccc(Cl)cc1,test
Cc1nc(SCC(=O)C2CC2)c(C#N)c(C)c1C,test
Cc1cc(C)n(-c2nc(NC(C)C)nc(NC(C)C)n2)n1,test
Cc1ccc(S(=O)(=O)NC2CCOC(C)(C)C2)cc1,test
CSc1nnc2c3cc(Br)ccc3n(C)c2n1,test
COc1cc(OC)c(C2N(C)c3ccccc3N2C)cc1OC,test
O=C(NCC1(c2ccccc2)CCOCC1)c1ccco1,test
CCOC(=O)C1CCN(C(=O)c2ccc(C)c(C)c2)CC1,test
CCOc1cc(C(=O)N2CCOCC2)cc(OCC)c1OCC,test
Cc1ccc(C)c(Nc2nc3nonc3n3cnnc23)c1,test
COc1ccc(S(=O)(=O)N2CCCCCC2)cc1,test
COc1cc(-c2nc3ccccc3[nH]2)cc(OC)c1OC,test
CC1C2C(c3ccccc3)N(C)C(=O)N(C)C2N(C)C(=O)N1C,test
CS(=O)(=O)N1CCC(C(=O)Nc2cccc(Cl)c2)CC1,test
O=S1(=O)N=C(Nc2ccc(Cl)cc2)c2ccccc21,test
CS(=O)(=O)N1CCC(C(=O)NCc2ccc(Cl)cc2)CC1,test
COc1cccc(OC)c1C(=O)NCC1CCCO1,test
CC(C)c1ccc(NC2=NS(=O)(=O)c3ccccc32)cc1,test
Cc1nc(N2CCOCC2)c2c3c(sc2n1)CCC3,test
O=C(c1ncc[nH]1)c1ccccc1C(=O)N1CCCC1,test
O=c1sc2cc(Br)ccc2n1CCO,test
O=C(Nc1ccc(F)c(Cl)c1)c1coc(=O)c2ccccc12,test
CS(=O)(=O)n1nc(OC(=O)c2cccc3ccccc23)cc1N,test
CC(NC(=O)c1cnc2n(c1=O)CCS2)c1ccccc1,test
O=C(Nc1ccccc1C(F)(F)F)c1cnc2n(c1=O)CCS2,test
O=C(Nc1ccc2c(c1)OCO2)c1cnc2n(c1=O)CCS2,test
O=C(Nc1ccc(Cl)cc1Cl)c1cnc2n(c1=O)CCS2,test
CCN(C(=O)c1cnc2n(c1=O)CCS2)c1cccc(C)c1,test
O=C(c1cnc2n(c1=O)CCS2)N1CCCc2ccccc21,test
O=c1c2ccccc2c2ccccc2c(=O)n1Cc1ccco1,test
CCOC(=O)N1CCN(C(=O)Cn2ccc3ccccc3c2=O)CC1,test
O=C(Cn1ccc2ccccc2c1=O)NCc1ccc(F)cc1,test
CCOc1ccc(NC(=O)Cn2ccc3ccccc3c2=O)cc1,test
COc1cccc(-c2nnc(-c3ccncc3)o2)c1,test
CCC(=O)N1CC(=O)Nc2ccc(F)cc2C1c1ccccc1,test
CN(C(=O)c1ccc(=O)[nH]c1)C1(C(=O)NC2CCCC2)CCCCC1,test
COCc1cc(C)nc(Nc2ccccc2C)c1C#N,test
O=S(=O)(c1cccc2nonc12)N1CCOCC1,test
COc1ccc2nc(N3CCC(C(=O)N4CCCC4)CC3)sc2c1,test
CN1C(=O)c2c(sc3c2CCCC3)NC1c1ccc(O)cc1,test
O=C(Nc1cccc2c1CCCC2)C1COc2ccccc2O1,test
O=C(C1COc2ccccc2O1)N1CCN(c2ccccc2F)CC1,test
O=C(CCS(=O)(=O)c1cccs1)N1CCCCCC1,test
CC1CCCN(C(=O)CNS(=O)(=O)c2cccs2)C1,test
O=C(CCNS(=O)(=O)c1cccs1)Nc1ccc(Cl)cc1,test
Cc1cc(Cl)cc(C)c1OCCn1ccnc1,test
COc1ccc(OC)c(Nc2ncnc3[nH]cnc23)c1,test
CCOC(=O)CSc1nc2c(c(=O)n1-c1ccccc1)SCC2,test
CCN(CC)c1cnn(-c2ccccc2)c(=O)c1N,test
CCN(CC)S(=O)(=O)c1cc(C(N)=O)ccc1Br,test
CCn1cc(C(=O)Nc2ccc(OC)cc2)c(=O)c2ccc(C)nc21,test
C=C(C)c1cccc(C(C)(C)NC(=O)NCc2ccncc2)c1,test
COC(=O)c1cnn(C(=O)c2ccc(OC)cc2)c1N,test
COC(=O)c1cn(C(=O)c2cc(OC)cc(OC)c2)nc1N,test
Cc1nc2ccc(C(=O)NCC3CCCO3)cc2nc1C,test
CCc1ccc(-n2cnc3cc(C(=O)N4CCOCC4)ccc32)cc1,test
O=C1Nc2ccccc2C1(O)c1c[nH]c2ccccc12,test
COc1ccc(OC)c(C(=O)Cc2cc3ccccc3oc2=O)c1,test
COc1ccc(N2C(=O)CCC2(C#N)c2ccc(OC)cc2)cc1,test
COc1ccc(CNC(=O)c2ccc3c(c2)NC(=O)CS3)cc1,test
Cc1cc(C)n2nc(SCc3cc(=O)n4ccccc4n3)nc2n1,test
CCCN(CCC)C(=O)CSc1nc2nc(C)cc(C)n2n1,test
Cc1cc(C)n2nc(SCC(=O)NCc3ccccc3)nc2n1,test
Cc1ccc(NC(=O)CSc2nc3nc(C)cc(C)n3n2)cc1,test
COc1ccc(-c2cc(C(=O)N3CCCC3)c3ccccc3n2)cc1,test
COc1ccc(-c2nnc(-c3ccc4c(c3)OCO4)o2)cc1OC,test
Cc1cc(C)n2nc(SCC(=O)NC3CCCC(C)C3C)nc2n1,test
Cc1cc(C)cc(OCC(=O)Nc2ccc3c(c2)OCCO3)c1,test
CCOC(=O)c1cnc(SCc2cccc(C)c2)nc1N,test
Cc1cc(=O)oc(C)c1C(=O)NCC1CCCO1,test
Cc1cc(=O)oc(C)c1C(=O)NCc1c(F)cc(F)cc1F,test
CCc1nc2ccc(C(=O)NCc3cccnc3)cc2nc1CC,test
Cc1cc(C)n2nc(SC(C)C(=O)N3CCCC3)nc2n1,test
O=C1CSc2ccc(C(=O)NCc3ccc(F)cc3)cc2N1,test
Cc1ccc2c(c1)N(CCCC(=O)NC1CC1)C(=O)CO2,test
CC1(C(=O)NC2CCCC2)CCC(=O)N1Cc1ccc2c(c1)OCO2,test
CCc1ccc(CNC(=O)c2cc(=O)[nH]c3ccccc23)cc1,test
CCOC(=O)C1=C(C)NC(=O)CC1c1ccccc1,test
CC(C)N1C(=O)CCC1C(=O)NCc1ccco1,test
Cc1onc(-c2ccccc2)c1C(=O)n1cccn1,test
CC1CCN(S(=O)(=O)N2CCCC(C(=O)NC(C)C)C2)CC1,test
CC1CCN(S(=O)(=O)N2CCC(C(=O)NC(C)C)CC2)CC1,test
Cc1ccc(C(=O)Nc2sc3c(c2C(N)=O)CCCCC3)o1,test
CC(C)CCNC(=O)C1CCCN(c2nc3ccccc3o2)C1,test
O=C(CCN1C(=O)COc2ccccc21)NC1CC1,test
O=C(CCN1C(=O)COc2ccccc21)N1CCCC1,test
CCC(C(=O)NCCc1ccccc1)N1C(=O)COc2ccccc21,test
CCC1Oc2ccccc2N(CC(=O)NCc2ccc(F)cc2)C1=O,test
CCC(C)NC(=O)C1CCN(S(=O)(=O)N2CCCC2)CC1,test
O=C(COC(=O)c1cccc(NC(=O)c2ccco2)c1)c1ccccc1,test
Cc1ccc(CNC(=O)CN2C(=O)COc3ccccc32)cc1,test
O=C(NC1CCCC1)C1CC(=O)N(c2ccc(F)c(Cl)c2)C1,test
CCC(C)N1CC(C(=O)NCCc2ccc(Cl)cc2)CC1=O,test
O=C(NCCc1ccccc1)C1CC(=O)N(C2CCCC2)C1,test
COc1ccc(CN2CC(C(=O)NC3CCCCC3)CC2=O)cc1,test
O=C(NC1CCCCCC1)C1CCC(=O)N1C1CCCC1,test
Cc1ccc(-c2ccc(=O)n(CC(=O)NCc3cccnc3)n2)cc1,test
Cc1ccc(-c2ccc(=O)n(CC(=O)NCC3CCCO3)n2)cc1,test
Cc1ccc(CNC(=O)C2CCC(=O)N2C2CCCCC2)cc1,test
O=C(CCn1nc(-c2ccccc2)ccc1=O)NC1CCCCC1,test
O=C(NCc1ccc(F)cc1)C1CCC(=O)N1CCc1ccccc1,test
Cc1ccc(CCN2CC(C(=O)NC3CCCC3)CC2=O)cc1,test
Cc1ccc(CCN2CC(C(=O)NC3CCCCC3)CC2=O)cc1,test
Cc1ccc(CN2C(=O)CCC2C(=O)NCc2ccco2)cc1,test
Cc1ccc(CN2C(=O)CCC2C(=O)NCc2cccnc2)cc1,test
Cc1ccc(CN2C(=O)CCC2C(=O)NC(C)C)cc1,test
CCS(=O)(=O)N1CCCC(C(=O)NC(C)C)C1,test
CCS(=O)(=O)N1CCCC(C(=O)N2CCC3(CC2)OCCO3)C1,test
CCCS(=O)(=O)N1CCCC(C(=O)NC2CCCC(C)C2C)C1,test
CCN(CC)C(=O)C1CC(=O)N(c2ccc(F)c(Cl)c2)C1,test
CC(C)NC(=O)C1CCC(=O)N1Cc1ccccc1Cl,test
CCC(C)NC(=O)C1CCC(=O)N1Cc1ccc(F)cc1,test
CCc1ccc(NC(=O)NCc2cccn2C)cc1,test
CNC(=O)C1CCCN(S(=O)(=O)N2CCCC2)C1,test
CC(CCc1ccccc1)NC(=O)c1cccc(N2CCCC2=O)c1,test
COc1ccc(-c2ccc(=O)n(CC(=O)Nc3ccc(C)cc3)n2)cc1,test
Cc1ccc(NC(=O)c2sc3ncn(C)c(=O)c3c2C)cc1,test
CCOC(=O)C1=C(C)N(C)C(C)=C(C(=O)OCC)C1c1cccnc1,test
CCCn1cnc2sc(C(=O)NC3CCCCC3)c(C)c2c1=O,test
O=C(CNC(=O)OCc1ccccc1)Nc1ccccc1,test
O=S(=O)(c1ccc(F)cc1)N(Cc1ccco1)CC1CCCO1,test
Cc1ccc(C2=Nc3ncnn3C(c3cccs3)C2)cc1,test
Cc1cc(Br)cc(Br)c1N,test
CCOC(=O)C1=C(C)Nc2ncnn2C1c1ccccc1Cl,test
COc1cccc(C2=Nc3nnnn3C(c3ccccc3C)C2)c1,test
O=S1(=O)c2ccccc2-c2cc(Br)ccc21,test
Cn1nc(CC(=O)Nc2c(F)cccc2F)c2ccccc2c1=O,test
Cn1nc(CC(=O)Nc2ccc(F)cc2Cl)c2ccccc2c1=O,test
Cn1nc(CC(=O)Nc2cccc(F)c2)c2ccccc2c1=O,test
COc1ccc(CNC(=O)Cc2nn(C)c(=O)c3ccccc23)cc1,test
Cn1nc(CC(=O)Nc2ccc(F)c(F)c2)c2ccccc2c1=O,test
CCn1c(=O)n(CC(=O)NCC(=O)OC)c(=O)c2ccccc21,test
COc1cc(NC(=O)CCS(=O)(=O)c2ccccc2)cc(OC)c1,test
CC(=O)c1ccc(NC(=O)CCS(=O)(=O)c2ccccc2)cc1,test
COc1ccc(NC(=O)Cn2c(=O)oc3cc(Cl)ccc32)cc1,test
O=C(Cn1c(=O)oc2cc(Cl)ccc21)Nc1ccc(F)cc1,test
CCC(C)NC(=O)Cn1cnc2sc(C)cc2c1=O,test
Cc1cc2c(=O)n(CC(=O)N3CCCCC3C)cnc2s1,test
COc1ccccc1CNC(=O)Cn1cnc2sc(C)cc2c1=O,test
O=C(Nc1ccc(-c2noc(-c3cccs3)n2)cc1)c1ccccn1,test
CCCC(=O)N1CCN(S(=O)(=O)c2ccc(Cl)cc2)CC1,test
O=C(NCC1CC1)c1ccccc1Br,test
Cc1ccc(CNC(=O)CCS(=O)(=O)c2ccc(C)cc2)cc1,test
Cc1ccc(S(=O)(=O)CCC(=O)Nc2cccc(C)c2)cc1,test
CCOc1cccc(-c2nc3ccc(OC(C)=O)cc3c(=O)o2)c1,test
CC(=O)Oc1ccc(-c2ccc(OC(C)=O)cc2)cc1,test
CCOC(=O)c1[nH]c(C)c(CCC(=O)OC)c1C,test
O=C1OC2c3ccccc3C(=O)N2c2ccccc21,test
CCN(CC)c1ccc(C(=O)N2CCCCC2)cc1,test
NS(=O)(=O)c1ccc(CNC(=O)c2ccco2)cc1,test
O=C(Cc1nc2ccccc2[nH]1)NCc1ccccc1,test
CCc1cc2c(=O)n(-c3ccc(C)cc3)cnc2s1,test
O=c1nc2oc3ccc4ccccc4c3cc-2c(=O)[nH]1,test
FC(F)(F)c1cc(-c2ccco2)nc2ncnn12,test
N#Cc1ccccc1Sc1ccccc1C(=O)N1CCOCC1,test
N#Cc1c(-n2ncnc2-c2cccnc2)sc2c1CCCCC2,test
Cn1c(Nc2cccc(Cl)c2)cc(=O)n(C)c1=O,test
CCOc1ccc(Nc2cc(=O)n(C)c(=O)n2C)cc1,test
Cc1ccc2c(c1)C(O)(C1COC(C)(C)CC1=O)C(=O)N2,test
Cc1ccc(NC(NC(=O)c2ccco2)C(=O)c2ccccc2)cc1,test
CCC1CCCCN1S(=O)(=O)c1ccc(OC)cc1,test
Cc1cc(Br)ccc1S(=O)(=O)NCc1cccnc1,test
CNc1ccccc1C(=O)OCC(=O)c1ccccc1,test
Cc1ccc(C(=O)COC(=O)c2cnccn2)cc1C,test
Cn1c(=O)n(CCOc2ccc(F)cc2)c2ccccc21,test
O=C(CSc1ncccn1)Nc1ccccc1Cl,test
Cc1nn(Cc2ccccc2)c(C)c1NC(=O)c1nc2ncccn2n1,test
O=C(Oc1ccc(Cl)c2cccnc12)c1ccncc1,test
CC(C)Oc1ccc(C(=O)Nc2nccs2)cc1,test
O=c1oc2cc(Cl)ccc2n1Cc1ccccc1,test
Cc1c(CCO)c(=O)oc2c3c4c(cc12)CCCN4CCC3,test
O=C(c1ccco1)N(Cc1ccccc1)Cc1ccccc1,test
CC(=O)Nc1ccc(-c2nc3c(C)cccc3[nH]2)cc1,test
CNC(=O)COc1ccccc1C(=O)Nc1cccnc1,test
Nc1ccc(-c2nc3c(Br)cc(N)cc3[nH]2)cc1,test
Cc1nnc(SCC(=O)c2ccc(-c3ccccc3)cc2)n1C,test
Cc1cc2nc3c(=O)n(C)c(=O)n(C)c3nc2cc1N,test
COc1ccc(C(=O)c2ccc(OC)c(OC)c2)cc1OC,test
COc1ccccc1Cc1nc(-c2ccccn2)no1,test
Nc1ccc2oc(CCc3nc4cc(N)ccc4o3)nc2c1,test
CC(=O)Nc1ccc(-c2nc3cc(NC(C)=O)ccc3o2)cc1,test
Oc1ccccc1-c1cc(C(F)(F)C(F)F)on1,test
COc1ccc(CC(=O)Nc2c(C)cccc2C)cc1,test
COc1cccc(NC(=O)CSc2nnc(C)s2)c1,test
COc1cccc(NC(=O)C(C#N)Cc2ccc(OC)c(OC)c2)c1,test
O=C(Nc1ccc2nn(-c3ccccc3)nc2c1)c1cccs1,test
CC(C)CNC(=O)c1cccc(NC(=O)c2ccc(F)cc2)c1,test
Cc1nn2c3ccccc3n(CC(=O)C(C)(C)C)c2nc1=O,test
CC(=O)Nc1cc2ccc(OC(C)=O)cc2oc1=O,test
C=CCN1C(=O)C(C)(C)N(C(C)=O)c2ccccc21,test
Cc1ccc(C(=O)NCS(=O)(=O)c2ccccc2)cc1,test
NC(=O)c1ccccc1OCC(=O)c1ccc(Br)cc1,test
COC(=O)C1=C(C)NC(=O)CC1c1cc(OC)c(OC)c(OC)c1,test
CCC(OC(C)=O)c1ccc(OC(C)=O)c(OC)c1,test
Cc1ccc(Cn2c(=O)c3c(ncn3C)n(C)c2=O)cc1,test
O=S(=O)(NCc1ccco1)c1ccc(F)cc1,test
COc1ccc(C(=O)c2cnc(C(C)C)n2C)cc1,test
O=C(Nc1cccc(C(=O)N2CCOCC2)c1)c1ccccc1,test
CCc1nnc2sc(-c3cc(OC)c(OC)c(OC)c3)nn12,test
O=C(c1ccncc1)N1CCCC(C(F)(F)F)C1,test
CN(C)C(=O)NS(=O)(=O)c1ccc(Cl)cc1,test
COc1ccc(C(=O)Nc2c(C(N)=O)oc3ccccc23)cc1OC,test
CCOc1ccc2nc(SCC(=O)N(C)C)sc2c1,test
NC(=O)C1CCN(C2=NS(=O)(=O)c3ccccc32)CC1,test
O=S1(=O)N=C(N(CCO)Cc2ccccc2)c2ccccc21,test
O=C(Nc1ccc(Br)cn1)c1ccco1,test
O=C(Nc1c(Cl)cc(Cl)cc1Cl)c1ccncc1,test
O=C(COC(=O)c1ccc(O)cc1)c1ccccc1,test
COc1ccc2oc(=O)c(-c3cnc(C)s3)cc2c1,test
COc1ccc(CC(=O)Nc2cccc(F)c2)cc1,test
Cc1cccc(NC(=O)C2CCCN2C(=O)c2cccs2)c1,test
Cc1cccc(NC(=O)C2CCCN2C(=O)c2cccs2)c1C,test
Nc1ccc(S(=O)(=O)NCc2cccnc2)cc1,test
CC(=O)c1ccc(OC(=O)c2cncc(Br)c2)cc1,test
CCc1nc2ccccc2n1CC(O)COc1ccccc1,test
CC(=O)NS(=O)(=O)c1ccc(Br)cc1,test
COc1ccc(OC)c(NC2=NS(=O)(=O)c3ccccc32)c1,test
COc1ccc(OCC(O)Cn2c(C)nc3ccccc32)cc1,test
CC(=O)Nc1cccc(C(=O)Nc2ccc(C)cc2)c1,test
CCc1ccc(S(=O)(=O)Nc2ccc(C)cn2)cc1,test
CCN(CC)c1nc(NC(C)=O)nc(N(C)C)n1,test
CCCc1nnc(NC(=O)CSc2nc3ccccc3[nH]2)s1,test
O=C(c1ccc2c(c1)OCCO2)c1ccccc1F,test
COc1ccccc1NCCC(=O)c1ccccc1,test
COc1ccc(C(=O)c2ccc3c(c2)OCCCO3)cc1,test
Nc1ccc2oc(-c3ccc(F)cc3Cl)nc2c1,test
COc1ccc(C(=O)Cc2ccc(OC)c(OC)c2)cc1,test
CC(=O)Nc1ccc(OC(=O)Cc2ccccc2)cc1,test
COc1ccc(C(=O)NC(O)C(Cl)(Cl)Cl)cc1,test
CC1CN(C(=O)CCn2c(=O)oc3ccccc32)CC(C)O1,test
COc1ccccc1CNC(=O)CCn1c(=O)sc2ccccc21,test
Cc1ccc(CNC(=O)CCn2c(=O)sc3ccccc32)cc1,test
O=S(=O)(NCC1CCCO1)c1ccc(Cl)cc1,test
O=S(=O)(Nc1ccc(F)cc1)c1ccc(F)cc1,test
Cc1ccc(NC2OC(CO)C(O)C(O)C2O)cc1,test
CCC(C)(NC(=O)c1ccccn1)C(=O)NC1CCCC1,test
CCC(C)(NC(=O)Cc1cccs1)C(=O)NC1CCCC1,test
CC(=O)N(Cc1cccs1)C1(C(=O)NC2CCCC2)CCCCC1,test
O=C(NC1(C(=O)NC2CCCC2)CCCCC1)c1ccccn1,test
Nc1ccc(C(=O)OCc2nc3cc(N)ccc3[nH]2)cc1,test
COCc1nc2ccccc2n1CCOc1ccc(OC)cc1,test
CCN(Cc1ccccc1)C(=O)c1ccc(C)cc1,test
COc1c(Cl)cnn(-c2cccc(C)c2)c1=O,test