,smiles,homo,lumo
0,C1=CC=CN1,-0.26183,0.08383
1,C[SiH](C)C[Ge](C)(C)C,-0.32171,0.07275
2,C[SiH](C)C[Sn](C)(C)C,-0.30931,0.06451
3,C[SiH](C[Si](C)(C)C)C[Si](C)(C)C,-0.31401,0.07326
4,C[Si](C)(C)C[SiH](C[Si](C)(C)C)C[Si](C)(C)C,-0.31323,0.066
5,CCCC[Si](C)(C)C[SiH](C[Si](C)(C)CCCC)C[Si](C)(C)CCCC,-0.30583,0.06683
6,C[Si](C)(C[SiH](C[Si](C)(C)c1ccccc1)C[Si](C)(C)c2ccccc2)c3ccccc3,-0.29492,0.01534
7,C1C=CC=CC=C1,-0.27247,-0.00093
8,C1C=CCC=C1,-0.28479,0.05452
9,C1COCO1,-0.33442,0.09446
10,CCCC1OCCO1,-0.32354,0.0992
11,O,-0.37668,0.08893
12,C1COC(O1)c2ccccc2,-0.30576,0.02078
13,NC(=O)C1=CN(Cc2ccccc2)C=CC1,-0.23808,0.00711
14,CN1c2ccccc2Cc3ccccc13,-0.23874,0.02203
15,CCCC[Sn](CCCC)(CCCC)CCCC,-0.29632,0.06292
16,CC(C)C[Sn](CC(C)C)(CC(C)C)CC(C)C,-0.2967,0.06455
17,C[Si]1(C)CCCCC1,-0.31282,0.08016
18,C[Si]1(C)CCCC1,-0.32153,0.08086
19,c1ccc(cc1)C(c2ccccc2)c3ccccc3,-0.28802,0.01146
20,Cc1ccc(cc1)C(c2ccc(C)cc2)c3ccc(C)cc3,-0.27503,0.018
21,COc1ccc(cc1)C(c2ccc(OC)cc2)c3ccc(OC)cc3,-0.25679,0.01195
22,CN1C(N(C)c2ccccc12)c3cccc(Cl)c3,-0.21908,-0.00128
23,CN1C(N(C)c2ccccc12)c3ccc(cc3)C(F)(F)F,-0.22286,-0.01264
24,CN1C(N(C)c2ccccc12)c3ccc(cc3)[N+]([O-])=O,-0.22783,-0.05494
25,[OH-],0.07965,0.41626
26,NC(NN)=O,-0.31026,0.07721
27,C[SiH](CC(C)(C)C)c1ccccc1,-0.30085,0.01676
28,C[SiH](C)Cc1cccc(Cl)c1,-0.28781,0.0168
29,C[SiH]1CCC1,-0.31915,0.08428
30,C[SiH]1CCCC1,-0.32894,0.08433
31,CCO[SiH](OCC)OCC,-0.34796,0.08167
32,CCCO[SiH](C)C,-0.33162,0.09086
33,CC[GeH](CC)CC,-0.32152,0.07728
34,[BH4-],-0.10187,0.39748
35,[BH3-]C#N,-0.13758,0.29966
36,CC[Si](CC)(CC)CC,-0.32389,0.07171
37,CCCC[Si](C)(C)C,-0.32635,0.07849
38,C[Si](C)(C)CCc1ccccc1,-0.29008,0.02995
39,CC[Si](C)(CC)CC(c1ccccc1)c2ccccc2,-0.28672,0.01818
40,C[Si](C)(C)CCCCCC[Si](C)(C)C,-0.3165,0.0781
41,NCC(F)(F)F,-0.3289,0.09346
42,C[Si]1(C)CCC1,-0.31157,0.08341
43,C[Si]1(C)CCCCCC1,-0.32169,0.07594
44,CC[Sn](CC)(CC)CC,-0.29844,0.06285
45,[O-]CC(F)(F)F,-0.03537,0.30602
46,CC[Ge](CC)(CC)CC,-0.31546,0.071
47,CC[Pb](CC)(CC)CC,-0.28329,0.04579
48,CC[Hg]CC,-0.26917,0.02235
49,C[Si](C)(C)CCC[Sn](C)(C)C,-0.29585,0.06497
50,C[Sn](C)(C)CCC[Sn](C)(C)C,-0.28688,0.05986
51,C[Si](C)(C)CCC[Ge](C)(C)C,-0.30766,0.07162
52,C[Ge](C)(C)CCC[Sn](C)(C)C,-0.29378,0.06427
53,C[Ge](C)(C)CCC[Ge](C)(C)C,-0.30409,0.07066
54,C[Si](C)(C)CCC[Pb](C)(C)C,-0.28442,0.04741
55,C[Ge](C)(C)CCC[Pb](C)(C)C,-0.28317,0.04686
56,NCC(OCC)=O,-0.30213,0.06042
57,O[O-],0.05943,0.34211
58,CCOCC,-0.32115,0.09999
59,C1CCOC1,-0.32234,0.09101
60,COCOC,-0.343,0.10293
61,CC1OCCO1,-0.32543,0.09952
62,C[C@H]1OCO[C@@H]1C,-0.31966,0.09489
63,CC1O[C@@H](C)[C@H](C)O1,-0.31997,0.09424
64,CCC1O[C@H](C)[C@@H](C)O1,-0.31923,0.09378
65,NCCC,-0.29537,0.0963
66,C[C@@H]1OC(O[C@H]1C)C=C,-0.32108,0.04404
67,CC(C)C1O[C@@H](C)[C@H](C)O1,-0.31648,0.09154
68,CC1O[C@@H](C)[C@@H](C)O1,-0.32068,0.09429
69,CCC1O[C@H](C)[C@H](C)O1,-0.31462,0.09212
70,CC(C)C1O[C@H](C)[C@H](C)O1,-0.31439,0.08776
71,C1CCOCOC1,-0.31976,0.10027
72,[H]C(C1=CC=C(C)C=C1)(C2=CC=C(C)C=C2)C3=CC=C(C)C=C3,-0.2725,0.01333
73,[H]C(C1=CC=C(OC)C=C1)(C2=CC=C(OC)C=C2)C3=CC=C(OC)C=C3,-0.25679,0.01198
74,[H]C(C1=CC=C(N(C)C)C=C1)(C2=CC=C(N(C)C)C=C2)C3=CC=C(N(C)C)C=C3,-0.21866,0.02626
75,[H]C(C1=CC=C(N(C)C)C=C1)(C2=CC=CC=C2)C3=CC=C(N(C)C)C=C3,-0.22638,0.0207
76,O=S([O-])[O-],0.21859,0.64313
77,[H]C1([H])C2=C(C=CC=C2)N(C)C3=CC=CC=C31,-0.23874,0.02203
78,[H]C1([H])C=CCC2=C1C=CC=C2,-0.28261,0.02587
79,C1(CCC=C2)=C2C=CC=C1,-0.2659,0.0013
80,CC1=NCCN1,-0.27225,0.07661
81,C1(C2=CC=CC=C2)=NCCN1,-0.2735,-0.00069
82,O=C(C)N1CCN=C1C,-0.29028,0.03593
83,N1(CC2=CC=CC=C2)CCN=C1C3=CC=CC=C3,-0.26462,0.00241
84,CC1=NCCS1,-0.27953,0.04605
85,CC1=NCCO1,-0.30383,0.07221
86,CC1=NCCC1,-0.31334,0.0567
87,C1CNCCO1,-0.28609,0.0937
88,CC1=NCCCN1,-0.26698,0.07875
89,C1(C2=CC=CC=C2)=NCCCN1,-0.27014,0.00736
90,O=C([CH-]C1=CC=CC=C1)OCC,-0.0412,0.18848
91,ClC1=CC=CC([CH-]C(OCC)=O)=C1,-0.0526,0.17544
92,BrC1=CC=C([CH-]C(OCC)=O)C=C1,-0.05313,0.1703
93,O=C([CH-]C1=CC=C(C#N)C=C1)OCC,-0.0686,0.13736
94,O=C([CH-]C1=CC=C([N+]([O-])=O)C=C1)OCC,-0.07741,0.09975
95,O=C([CH-]C1=CC=NC=C1)OCC,-0.05807,0.18034
96,C1CNCCC1,-0.27941,0.09169
97,F[B-](F)(F)C(N1C)=CC2=C1C=CC=C2,-0.11336,0.1441
98,F[B-](F)(F)C1=CC(C=CN2C)=C2C=C1,-0.12432,0.14774
99,F[B-](F)(F)C(N1C(OC(C)(C)C)=O)=CC2=C1C=CC=C2,-0.13476,0.13083
100,F[B-](F)(F)C(N1C(OC(C)(C)C)=O)=CC2=C1C=CC(OC)=C2,-0.13566,0.12655
101,F[B-](F)(F)C1=CN(C(OC(C)(C)C)=O)C2=C1C=CC=C2,-0.13547,0.12854
102,CC(C)(C)OC(N1C=CC2=C1C=CC=C2)=O,-0.26641,0.00718
103,F[B-](F)(F)C1=CC=CO1,-0.11979,0.20992
104,F[B-](F)(F)C1=COC=C1,-0.12624,0.20584
105,F[B-](F)(F)C1=C(OC)C=CS1,-0.11222,0.17701
106,COC1=CSC=C1,-0.26974,0.02881
107,[S-]CC([O-])=O,0.16166,0.45172
108,C/N=C/C1=CC=CC=C1,-0.29285,-0.01007
109,C1(/C=N/CC2=CC=CC=C2)=CC=CC=C1,-0.29199,-0.01649
110,C/C(C)=N/C1=CC=CC=C1,-0.26857,0.02002
111,C/C(C)=N/CC1=CC=CC=C1,-0.29551,0.02665
112,C1(/CCCCC1)=N\C2=CC=CC=C2,-0.26625,0.01986
113,CC(OC([CH-]1)=O)(C)OC1=O,-0.08051,0.22041
114,[O-]/C(C1=[N+](C2=C(C)C=C(C)C=C2C)C=CN1C3=C(C)C=C(C)C=C3C)=C(C4=CC=CC=C4)/C,-0.18861,-0.00189
115,CC(CC([CH-]1)=O)(C)CC1=O,-0.06717,0.20348
116,[H]/C([H])=N\N(C)C,-0.26222,0.06385
117,[H]/C([H])=N/N1CCCC1,-0.25183,0.06604
118,O=C([CH-][N+]1=CC=CC=C1)OCC,-0.22541,-0.02517
119,O=C([CH-][N+]1=CC=CC=C1)N(CC)CC,-0.21647,-0.01907
120,N#C[CH-][N+]1=CC=CC=C1,-0.22933,-0.03199
121,O=C(C)[CH-][N+]1=CC=CC=C1,-0.22842,-0.03111
122,O=C(C1=CC=CC=C1)[CH-][N+]2=CC=CC=C2,-0.23144,-0.03927
123,O=C(C1=CC=CC=C1)[CH-][N+]2=CC=C(N(C)C)C=C2,-0.20516,-0.01513
124,O=C(C1=CC=CC=C1)[CH-][N+]2=CC=CC(Cl)=C2,-0.23928,-0.04819
125,CC([CH-]C(C)=O)=O,-0.05817,0.21489
126,O=C(C1=CC=CC=C1)[CH-][N+]2=C(C=CC=C3)C3=CC=C2,-0.22718,-0.05773
127,O=C(C1=CC=CC=C1)[CH-][N+]2=CC=C(C=CC=C3)C3=C2,-0.22725,-0.04821
128,C=C([Si](C)(C)C)C,-0.307,0.04531
129,C=C([Si](C)([Si](C)(C)C)C)C,-0.29261,0.0416
130,C=C([Si]([Si](C)(C)C)([Si](C)(C)C)[Si](C)(C)C)C,-0.27002,0.03711
131,C=C([Si](C)(C)C)C1=CC=CC=C1,-0.28171,0.00278
132,C=C([Si](C)([Si](C)(C)C)C)C1=CC=CC=C1,-0.27753,0.00195
133,C[Si](/C=C/C1=CC=CC=C1)(C)C,-0.27601,-0.01126
134,C=C(C1=CC=CC=C1)C[Si](C)(C)C,-0.27742,0.00366
135,C=C([Si](C)(C)C)C1=CC=C(C)C=C1,-0.27291,0.00473
136,CC([CH-]C(OCC)=O)=O,-0.06262,0.21753
137,CCC#CN(CC1=CC=CC=C1)S(C2=CC=C(C)C=C2)(=O)=O,-0.27557,-0.01289
138,CC(C=C1)=CC=C1S(N(CC2=CC=CC=C2)C#CC3=CC=CC=C3OC)(=O)=O,-0.25299,-0.0109
139,CC(C=C1)=CC=C1S(N(CC2=CC=CC=C2)C#CC3=CC=CC=C3)(=O)=O,-0.26817,-0.01574
140,O=C1N(C#CC2=CC=CC=C2)CCC1,-0.25902,0.00012
141,FC(C1=CC=CC=C1)(C2=CC=CC=C2)[C@H](CCC3)N3C4=CC=NC=C4,-0.25871,0.00763
142,N#C[CH-]C#N,-0.05083,0.24795
143,O=C1[C-](CC2=CC=C(N(C)C)C=C2)C(OC(C)(C)O1)=O,-0.08392,0.14435
144,[H][C-](C(OCC)=O)C#N,-0.05999,0.21552
145,O=C1[C-](CC2=CC=C(OC)C=C2)C(OC(C)(C)O1)=O,-0.0869,0.13959
146,O=C1[C-](CC2=CC=CC=C2)C(OC(C)(C)O1)=O,-0.08756,0.14451
147,O=C1[C-](CC2=CC=C(C#N)C=C2)C(OC(C)(C)O1)=O,-0.10215,0.09238
148,O=C1[C-](CC2=CC=C([N+]([O-])=O)C=C2)C(OC(C)(C)O1)=O,-0.10426,0.05554
149,[H][C-](C(OCC)=O)C(OCC)=O,-0.06751,0.21709
150,CC1=CC([H])([H])C(C)=CC1,-0.27579,0.06269
151,CC1=CC(C)([H])C=C(C)C1,-0.27731,0.06143
152,CC1=C(C)C([H])([H])C(C)=C(C)C1,-0.26685,0.06792
153,[H]C(C1=CC=C(OC)C=C1)([H])C2=CC=C(OC)C=C2,-0.26026,0.02106
154,N1(/C=C/C2=CC=CC=C2)CCCC1,-0.22012,0.01945
155,C=C1CC1,-0.31513,0.04371
156,N1(/C=C/C2=CC=CC=C2)CCCC1C(C3=CC=CC=C3)(C4=CC=CC=C4)C5=CC=CC=C5,-0.2218,0.00302
157,N1(/C=C/C2=CC=CC=C2)CCCC1[Si](C3=CC=CC=C3)(C4=CC=CC=C4)C5=CC=CC=C5,-0.21561,-0.003
158,O=C(C1=CC=CC=C1)[CH-]C2=CC=CC=C2,-0.05465,0.13157
159,O=C(C1=CC=CC=C1)[CH-]C(N(CC)CC)=O,-0.07488,0.13554
160,O=C(C1=CC=CC=C1)[CH-]C(OCC)=O,-0.07797,0.13372
161,O=C(C1=CC=CC=C1)[CH-]C#N,-0.07334,0.13284
162,O=C(C1=CC=CC=C1)[CH-]C(C)=O,-0.07397,0.13449
163,O=C(C1=CC=CC=C1)[CH-]C(C2=CC=CC=C2)=O,-0.08709,0.11719
164,O=C(C1=CC=CC=C1)[CH-]S(=O)(C2=CC=CC=C2)=O,-0.1078,0.11686
165,O=C(C1=CC=CC=C1)[CH-][N+]([O-])=O,-0.09688,0.12228
166,C=C1CCC1,-0.29986,0.0505
167,O=C(C)[CH-]C1=CC=CC=C1,-0.03968,0.18587
168,O=S([CH-]C1=CC=CC=C1)(C2=CC=CC=C2)=O,-0.06734,0.12764
169,O=[N+]([CH-]C(OCC)=O)[O-],-0.08628,0.19274
170,CC(S1)=CC=C1[B-]2(C3=CC(C(F)(F)F)=CC(C(F)(F)F)=C3)OC(C)(C)C(C)(C)O2,-0.14235,0.11143
171,CC(S1)=CC=C1[B-]2(C3=CC=C(C(F)(F)F)C=C3)OC(C)(C)C(C)(C)O2,-0.13632,0.13296
172,CC(S1)=CC=C1[B-]2(C3=CC=C(Cl)C=C3)OC(C)(C)C(C)(C)O2,-0.13386,0.1478
173,CC(S1)=CC=C1[B-]2(C3=CC=CC=C3)OC(C)(C)C(C)(C)O2,-0.12826,0.15972
174,CC(S1)=CC=C1[B-]2(C3=CC=C(C)C=C3)OC(C)(C)C(C)(C)O2,-0.12858,0.15832
175,CC(S1)=CC=C1[B-]2(C3=CC=C(OC)C=C3)OC(C)(C)C(C)(C)O2,-0.12767,0.15732
176,CC(S1)=CC=C1[B-]2(C3=CC=C(N(C)C)C=C3)OC(C)(C)C(C)(C)O2,-0.12361,0.15797
177,C=C1CCCCC1,-0.29791,0.05572
178,CC(S1)=CC=C1[B-]2(C3=CC=C(C)S3)OC(C)(C)C(C)(C)O2,-0.12541,0.16133
179,CC(O1)=CC=C1[B-]2(C3=CC=C(C(F)(F)F)C=C3)OC(C)(C)C(C)(C)O2,-0.12644,0.13626
180,CC(S1)=CC=C1[B-]2(C3=CC(C(F)(F)F)=CC(C(F)(F)F)=C3)OCCO2,-0.14148,0.11299
181,CC(S1)=CC=C1[B-]2(C3=CC(C(F)(F)F)=CC(C(F)(F)F)=C3)OCC(C)(C)CO2,-0.14273,0.1129
182,CC(S1)=CC=C1[B-]2(C3=CC=C(C(F)(F)F)C=C3)OCC(C)(C)CO2,-0.13646,0.13271
183,CC(S1)=CC=C1[B-]2(C3=CC=C(C(F)(F)F)C=C3)OC4=C(C=CC=C4)O2,-0.11083,0.12234
184,C12=CC=CC=C1C=C[CH-]2,-0.03128,0.20214
185,C=C1CCCCCC1,-0.29773,0.05156
186,C[Sn](C1C2=CC=CC=C2C=C1)(C)C,-0.25768,0.01312
187,C[Si](C1C2=CC=CC=C2C=C1)(C)C,-0.26443,0.01026
188,CC1(C)O[B-](C2=CC=CC=C2)(CC3=CC=CC=C3)OC1(C)C,-0.11786,0.15374
189,NCCC1=CC=CC=C1,-0.29292,0.02922
190,CC1(C)O[B-](C2=CC=CC=C2)(C(C)C3=CC=CC=C3)OC1(C)C,-0.12006,0.15372
191,CC1(C)O[B-](C2=CC=C(C(F)(F)F)C=C2)(CC3=CC=CC=C3)OC1(C)C,-0.12783,0.13633
192,CC1(C)O[B-](C2=CC=C(C(F)(F)F)C=C2)(C(C)C3=CC=CC=C3)OC1(C)C,-0.13002,0.13552
193,CC1(C)O[B-](C2=CC(C(F)(F)F)=CC(C(F)(F)F)=C2)(C(C)C3=CC=CC=C3)OC1(C)C,-0.13636,0.112
194,C=C1CCCCCCC1,-0.29021,0.05111
195,CC1(C)O[B-](C2=CC(C(F)(F)F)=CC(C(F)(F)F)=C2)(CC3=CC=CC=C3)OC1(C)C,-0.13377,0.11277
196,CC1(C)O[B-](C2=CC=C(C(F)(F)F)C=C2)(C(C)C)OC1(C)C,-0.12928,0.13857
197,CC1(C)O[B-](C2=CC=C(C(F)(F)F)C=C2)(C3CC3)OC1(C)C,-0.13295,0.14067
198,CC1(C)O[B-](C2=CC=C(C(F)(F)F)C=C2)(C(C)[H])OC1(C)C,-0.12788,0.14057
199,CC1(C)CO[B-](C2=CC=C(C(F)(F)F)C=C2)(C(C)C3=CC=CC=C3)OC1,-0.11966,0.13707
200,C=C1CCCCCCCC1,-0.29141,0.04806
201,O=C([C-](C(OCC)=O)C)C,-0.0547,0.21541
202,O=C1[C-](C(OCC)=O)CCC1,-0.06025,0.2149
203,O=C1[C-](C(OCC)=O)CCCC1,-0.05976,0.21268
204,O=C1[C-](C(OCC)=O)CCCCC1,-0.06155,0.20706
205,C=C1CCCCCCCCC1,-0.29207,0.04471
206,O=C1[C-](C(OCC)=O)CCCCCC1,-0.06376,0.2051
207,O=C1[C-](C(OCC)=O)CCCCCCCCCC1,-0.07685,0.19491
208,O=C1OCCC([C-]1C)=O,-0.06446,0.21743
209,O=C([C-]1CCCOC1=O)C,-0.06031,0.21405
210,Fc1c(F)c(F)c([BH-](c2c(F)c(F)c(F)c(F)c2F)c3c(F)c(F)c(F)c(F)c3F)c(F)c1F,-0.18458,0.11582
211,Fc1cc(F)c([BH-](c2c(F)cc(F)cc2F)c3c(F)cc(F)cc3F)c(F)c1,-0.15732,0.14106
212,Fc1cccc(F)c1[BH-](c2c(F)cccc2F)c3c(F)cccc3F,-0.14871,0.14448
213,CC(C)[C-](C(OCC)=O)C(OCC)=O,-0.06734,0.20673
214,CCCC[C-](C(OCC)=O)C(OCC)=O,-0.06373,0.19259
215,C=C1CCCCCCCCCC1,-0.29678,0.05737
216,O=C([C-](C1CCCCC1)C(OCC)=O)OCC,-0.07045,0.19235
217,O=C([C-](C1=CC=CC=C1)C(OCC)=O)OCC,-0.07534,0.16293
218,O=C([C-](C1=CC=C([N+]([O-])=O)C=C1)C(OCC)=O)OCC,-0.09729,0.08281
219,O=C([C-](C(OCC)=O)C(OCC)=O)OCC,-0.09419,0.19529
220,O=C(C)[C-](C(OCC)=O)C(OCC)=O,-0.09038,0.20009
221,O=C(C1=CC=CC=C1)[C-](C(OCC)=O)C(OCC)=O,-0.10168,0.12951
222,O=C1[C-](C(OC(C)(C)O1)=O)C2=CC=CC=C2,-0.08758,0.16625
223,O=C1[C-](C(OC(C)(C)O1)=O)C2=CC=C(OC)C=C2,-0.08279,0.16393
224,O=C([C-](C1=CC=C(OC)C=C1)C(OCC)=O)OCC,-0.07209,0.16598
225,C=C1CCCCCCCCCCC1,-0.29393,0.04379
226,[H][C@@](C1=CN=CC=C1)(CCC2)N2C,-0.28131,0.01259
227,CC1=CN=CC=C1,-0.30806,0.00957
228,CN1CCCC1C2=CC=CC=C2,-0.27698,0.02814
229,C1(N2CCOCC2)=CC=NC=C1,-0.27206,0.02412
230,C=C1CCCCCCCCCCCCCC1,-0.2975,0.06027
231,O=C1OC(C)(C)OC([C-]1[I+]C2=CC=CC=C2)=O,-0.27843,-0.03416
232,C=C(N(O[Si](C)(C)C)O[Si](C)(C)C)C,-0.26504,0.05576
233,O=C1CC(C)(C)CC([C-]1[I+]C2=CC=CC=C2)=O,-0.26508,-0.02902
234,O=C([C-](C(N1C)=O)[I+]C2=CC=CC=C2)N(C)C1=O,-0.27558,-0.03802
235,O=C1OC(C)CC([C-]1[I+]C2=CC=CC=C2)=O,-0.27175,-0.03039
236,O=S([CH-]S(=O)(C1=CC=CC=C1)=O)(C2=CC=CC=C2)=O,-0.1216,0.11359
237,F[C-](S(=O)(C1=CC=CC=C1)=O)S(=O)(C2=CC=CC=C2)=O,-0.11356,0.10725
238,O=S([C-](OC)S(=O)(C1=CC=CC=C1)=O)(C2=CC=CC=C2)=O,-0.10565,0.1091
239,O=S(C1=C(C=CC=C1)S2(=O)=O)([CH-]2)=O,-0.10513,0.11392
240,F[C-]1S(C2=C(C=CC=C2)S(=O)1=O)(=O)=O,-0.10981,0.10219
241,O=S(C1=C(C=CC=C1)S2(=O)=O)([C-]2OC)=O,-0.11852,0.11496
242,O=S([CH-]C(OCC)=O)(C1=CC=CC=C1)=O,-0.09898,0.13485
243,C=C(N(O[Si](C)(C)C)O[Si](C)(C)C)C1=CC=CC=C1,-0.26584,0.00411
244,F[C-](C(OCC)=O)S(=O)(C1=CC=CC=C1)=O,-0.09018,0.12786
245,O=S([C-](OC)C(OCC)=O)(C1=CC=CC=C1)=O,-0.08732,0.13113
246,F[C-](C(OCC)=O)C(OCC)=O,-0.062,0.21578
247,Cl[C-](C(OCC)=O)C(OCC)=O,-0.06989,0.21499
248,O=C([C-](OC)C(OC)=O)OC,-0.06064,0.23247
249,Cl[CH-]S(=O)(C1=CC=CC=C1)=O,-0.06897,0.12688
250,Br[CH-]S(=O)(C1=CC=CC=C1)=O,-0.07519,0.12389
251,Cl[CH-]S(C1=CC=C(C#N)C=C1)(=O)=O,-0.08994,0.08384
252,Cl[CH-]S(C1=CC=C([N+]([O-])=O)C=C1)(=O)=O,-0.09259,0.0507
253,Cl[CH-]S(C1=CC=C(Cl)C=C1)(=O)=O,-0.07612,0.11587
254,C=C(N(O[Si](C)(C)C(C)(C)C)O[Si](C)(C)C(C)(C)C)C,-0.26641,0.05179
255,O=C([C-](C(OCC)=O)C1=CC=CC=C1)OCC,-0.07615,0.16781
256,O=C([C-](C#N)C1=CC=CC=C1)OCC,-0.07382,0.16796
257,N#C[C-](C#N)C1=CC=CC=C1,-0.07255,0.15887
258,O=S([C-](C#N)C1=CC=CC=C1)(C2=CC=CC=C2)=O,-0.08285,0.10642
259,O=S([C-](S(=O)(C1=CC=CC=C1)=O)C2=CC=CC=C2)(C3=CC=CC=C3)=O,-0.11583,0.10251
260,O=C(C1=CC=CC=C1)[C-](C(C2=CC=CC=C2)=O)C3=CC=CC=C3,-0.08739,0.10992
261,CC(C)(C)P(C(C)(C)C)C1=CC=CC=C1,-0.2623,0.01097
262,C=C(N(O[Si](C)(C)C)O[Si](C)(C)C)CCC(OC)=O,-0.26935,0.04958
263,COC(C=CC=C1OC)=C1P(C2=C(OC)C=CC=C2OC)C3=C(OC)C=CC=C3OC,-0.22473,0.02711
264,CC(C=C1)=CC(C)=C1P(C2=C(C)C=C(C)C=C2)C3=CC=C(C)C=C3C,-0.25042,0.01289
265,COC1=CC=CC=C1P(C2=CC=CC=C2OC)C3=CC=CC=C3OC,-0.24184,0.01968
266,CC1=CC=CC=C1P(C2=CC=CC=C2C)C3=CC=CC=C3C,-0.25858,0.00747
267,C=C(Cl)C,-0.3086,0.04269
268,[O-]OC(C)(C)C,-0.00202,0.2416
269,C=CC,-0.31091,0.05218
270,[O-]OC(C)(C)C1=CC=CC=C1,-0.02037,0.15062
271,O=C(O[O-])CCCCCN1C(C(C=CC=C2)=C2C1=O)=O,-0.03175,0.0058
272,[O-]OC(CC1=CC=CC=C1)=O,-0.03978,0.1345
273,O=C(O[O-])C1=CC(Cl)=CC(Cl)=C1,-0.0591,0.10473
274,O=C(O[O-])C1=CC=CC=C1C([O-])=O,0.07308,0.26644
275,O=C(O[O-])C1=CC(Cl)=CC=C1,-0.05158,0.11789
276,O=C(O[O-])C1=CC=C(F)C=C1,-0.04714,0.13176
277,O=C(O[O-])C1=CC=C([N+]([O-])=O)C=C1,-0.06677,0.048
278,O=C(O[O-])C1=CC=C(OC)C=C1,-0.04135,0.13832
279,O=C(O[O-])C1=CC(Cl)=C(OC)C=C1,-0.04809,0.12731
280,C=CCCCC,-0.31149,0.05789
281,O=C(O[O-])C1=CC=CC=C1,-0.04326,0.13204
282,O=C1[CH-]C(NC(N1)=O)=O,-0.08535,0.22521
283,O=C1[CH-]C(N(C)C(N1C)=O)=O,-0.08693,0.21959
284,O=C1[CH-]C(NC(N1)=S)=O,-0.09885,0.16821
285,O=C1[CH-]C(N(CC)C(N1CC)=S)=O,-0.10163,0.16062
286,C=CCB1OC(C)(C)C(C)(C)O1,-0.29904,0.06235
287,F[B-](F)(F)C\C=C,-0.12522,0.21601
288,C=CC[B-]1(OC(C)(C)C(C)(C)O1)C2=CC(C(F)(F)F)=CC(C(F)(F)F)=C2,-0.13246,0.11575
289,C=CC[B-]1(OC(C)(C)C(C)(C)O1)C2=CC=CC=C2,-0.11458,0.17012
290,CC(O1)(C)C(C)(C)O[B-]1(C2=CC(C(F)(F)F)=CC(C(F)(F)F)=C2)C/C=C/C,-0.12745,0.1113
291,CC1=CCCCC1,-0.28353,0.06559
292,COC(C=C1)=CC=C1/C=C(C2=CC=CC=C2)/N3CCCC3,-0.21641,0.00698
293,C(/N1CCCC1)(C2=CC=CC=C2)=C\C3=CC=CC=C3,-0.22436,0.00296
294,N#CC(C=C1)=CC=C1/C=C(C2=CC=CC=C2)/N3CCCC3,-0.23752,-0.0218
295,O=[N+](C(C=C1)=CC=C1/C=C(C2=CC=CC=C2)/N3CCCC3)[O-],-0.24068,-0.03824
296,C(/N1CCCCC1)(C2=CC=CC=C2)=C\C3=CC=CC=C3,-0.23097,0
297,C(/N1CCOCC1)(C2=CC=CC=C2)=C\C3=CC=CC=C3,-0.23519,-0.0051
298,N1(CCCCC1)/C=C/C2=CC=CC=C2,-0.23143,0.01625
299,N1(CCOCC1)/C=C/C2=CC=CC=C2,-0.23753,0.01231
300,C=C(C1=CC=CC=C1)N2CCCCC2,-0.24685,0.01293
301,C/C(C)=C/C,-0.28394,0.06965
302,C=C(C)C,-0.2999,0.06266
303,Cl[O-],0.00423,0.34364
304,Br[O-],-0.01186,0.28915
305,[O-]Br=O,-0.02392,0.28175
306,[O-]OS(=O)([O-])=O,0.14906,0.54854
307,C=CC1=CC=C(C)C=C1,-0.27073,-0.00225
308,C=C(C)C=C,-0.28498,0.00999
309,[H]C(C1=CC=C([N+]([O-])=O)C=C1)=[N+]=[N-],-0.27399,-0.05269
310,[H]C(C1=CC=C(C#N)C=C1)=[N+]=[N-],-0.26792,-0.03376
311,[H]C(C1=CC=C(Br)C=C1)=[N+]=[N-],-0.25286,-0.01372
312,[O-]OC(CC[NH+]1CCCCC1)=O,-0.25992,0.051
313,[O-]OC(CC[NH3+])=O,-0.15349,-0.04007
314,[O-]OC(CCC[NH3+])=O,-0.13235,-0.04998
315,C[Si](OC1=CCCC1)(C)C,-0.2636,0.07587
316,C=CC[Si](C)(Cl)C,-0.29903,0.04984
317,O=C([CH-]/N=C(C1=CC=CC=C1)/C2=CC=CC=C2)OCC,-0.05665,0.12808
318,O=C([CH-]/N=C(C1=CC=CC=C1)/C2=CC=CC=C2)OC(C)(C)C,-0.05862,0.12603
319,[H]/C(C1=CC=CC=C1)=N\[CH-]C(OCC)=O,-0.04763,0.14067
320,[H]/C(C1=CC=C(Cl)C=C1)=N\[CH-]C(OCC)=O,-0.05475,0.13016
321,C1=CC=CC(=C1)C([H])=N[C-](C)C(OCC)=O,-0.05203,0.13435
322,N#C[CH-]/N=C(C1=CC=CC=C1)/C2=CC=CC=C2,-0.0574,0.12663
323,C[Si](C)(C)OC(=Cc1ccccc1)c2ccccc2,-0.25213,-0.01619
324,C/C=C(O[Si](C)(C)C)/C1=CC=CC=C1,-0.26328,0.00641
325,C[Si](OC1=CCC2=CC=CC=C21)(C)C,-0.25658,0.01462
326,C[Si](OC1=CCCC2=CC=CC=C21)(C)C,-0.25419,0.00737
327,C/C(C)=C/C[Si](C)(C)C,-0.26907,0.0614
328,C12=CC=CC=C1C(N3CCCC3)=CC2,-0.2302,0.01872
329,C12=CC=CC=C1C(N3CCCC3)=CCC2,-0.23572,0.01122
330,O=C(C1=CC=C([N+]([O-])=O)C=C1)[CH-]C(OCC)=O,-0.09652,0.05098
331,[H]P1N(C(C)(C)C)C=CN1C(C)(C)C,-0.20937,0.05012
332,[H]P1N(C(C)(C)C)C2=C(C=CC=C2)N1C(C)(C)C,-0.22389,0.03597
333,[H]P1N(C2=C(C(C)C)C=CC=C2C(C)C)C=CN1C3=C(C(C)C)C=CC=C3C(C)C,-0.22529,0.0176
334,[H]P1N(C(C)(C)C)CCCN1C(C)(C)C,-0.25732,0.06951
335,[H]P1N(C(C)(C)C)CCN1C(C)(C)C,-0.2584,0.06194
336,[H]P1N(C2=C(C)C=C(C)C=C2C)C=CN1C3=C(C)C=C(C)C=C3C,-0.22317,0.02165
337,O=C([H])C=P(C1=CC=CC=C1)(C2=CC=CC=C2)C3=CC=CC=C3,-0.23795,-0.01824
338,C=C(C)C[Ge](C1=CC=CC=C1)(C2=CC=CC=C2)C3=CC=CC=C3,-0.27737,0.00813
339,O=C(C)C=P(C1=CC=CC=C1)(C2=CC=CC=C2)C3=CC=CC=C3,-0.23763,-0.00957
340,[O-]C1=CC=C([N+]([O-])=O)C=C1,-0.08654,0.12443
341,C=CC[Si](C)(C)C(C)(C)C,-0.28886,0.05339
342,[O-]C1=CC=CC([N+]([O-])=O)=C1,-0.06928,0.10759
343,[O-]C1=CC=C(C#N)C=C1,-0.07348,0.17847
344,[O-]C1=CC=CC=C1C(F)(F)F,-0.06408,0.18469
345,C=CC[Si](CC)(CC)CC,-0.28975,0.05376
346,[O-]C1=CC=C(C(F)(F)F)C=C1,-0.06655,0.19328
347,[O-]C1=CC=CC(C(F)(F)F)=C1,-0.05874,0.18253
348,[O-]C1=CC=C(Cl)C=C1,-0.04819,0.1986
349,C=CC[Si](C(C)C)(C(C)C)C(C)C,-0.28992,0.05003
350,[O-]C1=CC=CC=C1,-0.03604,0.21741
351,[O-]C1=CC=C(C)C=C1,-0.0346,0.21231
352,[O-]C1=CC=C(C(C)(C)C)C=C1,-0.04129,0.19852
353,[O-]C1=CC=C(OC)C=C1,-0.02992,0.20653
354,C=CC[Si](CCCC)(CCCC)CCCC,-0.28924,0.05313
355,[O-]C1=CC=CC(OC)=C1,-0.0401,0.22192
356,[O-]C1=C(C(C)(C)C)C=CC=C1C(C)(C)C,-0.05993,0.19573
357,O=C([NH-]CC([O-])=O)[C@@H](NC(CC[C@H]([NH3+])C([O-])=O)=O)C[S],0.01089,0.2481
358,O=C([O-])[C@H]1NCCC1,-0.08307,0.21523
359,CC1NCCC1,-0.28104,0.08863
360,C1CNCC1,-0.27003,0.08943
361,CC(C)[C@@H]1NCCC1,-0.26763,0.08386
362,CC1(C)NCCC1,-0.27384,0.07982
363,C=CC[Si](CCCCCC)(CCCCCC)CCCCCC,-0.28906,0.05297
364,C1(CC2=CC=CC=C2)NCCC1,-0.27287,0.03025
365,[C@H]1(C(C2=CC=CC=C2)C3=CC=CC=C3)NCCC1,-0.27331,0.01973
366,NC[C@H]1NCCC1,-0.28036,0.0823
367,CN(C[C@H]1NCCC1)C,-0.26806,0.08866
368,[C@H]1(CN2CCCC2)NCCC1,-0.2628,0.08163
369,[N-]=[N+]=NC[C@H]1NCCC1,-0.28918,0.02756
370,OC[C@H]1NCCC1,-0.27821,0.09149
371,COC[C@H]1NCCC1,-0.2794,0.09559
372,FC(C1NCCC1)(F)F,-0.2968,0.08881
373,O=C(OC)[C@H]1NCCC1,-0.28582,0.06078
374,C/C=C\C[Si](C)(C)C,-0.27802,0.06128
375,O=C(N(C)C)[C@H]1NCCC1,-0.28351,0.06861
376,O=C(NCCC)[C@H]1NCCC1,-0.29688,0.06192
377,O=C1C2=C(C=CC=C2)C(N1C[C@H]3NCCC3)=O,-0.28621,-0.04099
378,[C@H]1(CN2N=NC(C3=CC=CC=C3)=C2)NCCC1,-0.27372,0.00653
379,[C@H]1(CN2C=NC=C2)NCCC1,-0.27331,0.06708
380,CCCC[n+]1ccn(C[C@@H]2CCCN2)c1,-0.41497,-0.11944
381,S=C(NC1=CC(C(F)(F)F)=CC(C(F)(F)F)=C1)NC[C@H]2NCCC2,-0.26566,-0.01483
382,O=C(NC1=CC(C(F)(F)F)=CC(C(F)(F)F)=C1)NC[C@H]2NCCC2,-0.28772,-0.01087
383,C1(C(C2=CC=CC=C2)(C3=CC=CC=C3)C4=CC=CC=C4)NCCC1,-0.271,0.01666
384,C[Si](OC(C1=CC=CC=C1)(C2=CC=CC=C2)[C@H]3NCCC3)(C)C,-0.28791,0.01528
385,C/C=C/C[Si](C)(C)C,-0.27811,0.06082
386,OC(C1=CC=CC=C1)(C2=CC=CC=C2)[C@H]3NCCC3,-0.27292,0.01585
387,[N-]=[N+]=NC(C1=CC=CC=C1)(C2=CC=CC=C2)[C@H]3NCCC3,-0.27804,0.00827
388,C1([Si](C2=CC=CC=C2)(C3=CC=CC=C3)C4=CC=CC=C4)NCCC1,-0.27626,0.00746
389,O=C1[C@H](CC2=CC=CC=C2)NC(C)(C)N1C,-0.28363,0.018
390,O=C1[C@H](CC2=CC=CC=C2)N[C@H](C(C)(C)C)N1C,-0.28819,0.026
391,O=C1[C@H](CC2=CC=CC=C2)N[C@H](C3=CC=C(C)O3)N1C,-0.2768,0.02549
392,O=C1[C@H](CC2=CC=CC=C2)N[C@@H](C3=CC=C(C)O3)N1C,-0.2739,0.01698
393,C/C(C[Si](CC)(CC)CC)=C(C)\C,-0.26212,0.0634
394,C=C(C)C(C)(C)C,-0.30004,0.06165
395,C=C(C)C(C)C,-0.29965,0.06245
396,FC(C1=CC=C([CH-]S(=O)(C(F)(F)F)=O)C=C1)(F)F,-0.10051,0.13699
397,N#CC1=CC=C([CH-]S(=O)(C(F)(F)F)=O)C=C1,-0.10572,0.11516
398,O=[N+](C1=CC=C([CH-]C#N)C=C1)[O-],-0.07724,0.10086
399,O=[N+](C1=CC=C([CH-]S(=O)(C2=CC=CC=C2)=O)C=C1)[O-],-0.09737,0.08477
400,C=C(C)CC(C)(C)C,-0.2973,0.05392
401,C=C(C)CC,-0.29962,0.06074
402,C=C(C)CC(C)=C,-0.30357,0.04577
403,C=C(CCC(C)=C)C,-0.29307,0.05106
404,C=C(CCCC(C)=C)C,-0.29798,0.05411
405,C=C(CCCCC(C)=C)C,-0.29765,0.05746
406,C1=CC=CO1,-0.28521,0.05447
407,C[Si](C1=CC=CO1)(C)C,-0.27672,0.04277
408,CC[Si](C1=CC=CO1)(CC)CC,-0.27643,0.04093
409,CCCC[Si](C1=CC=CO1)(CCCC)CCCC,-0.27607,0.0412
410,C1=CC=CS1,-0.29287,0.02324
411,C[Si](C1=CC=CS1)(C)C,-0.2855,0.01745
412,CCCC[Sn](C1=CC=CO1)(CCCC)CCCC,-0.27125,0.04397
413,CCCC[Sn](C1=CC=CS1)(CCCC)CCCC,-0.27908,0.02227
414,C=CC=C,-0.2886,0.00721
415,C=C/C=C\C,-0.27671,0.00716
416,C/C=C/C=C/C,-0.26288,0.01549
417,C=C(C)C(C)=C,-0.28324,0.01104
418,C=C/C=C/C,-0.27493,0.01159
419,C=C/C=C(C)/C,-0.26735,0.01566
420,C=C(C)/C=C/C,-0.27255,0.01369
421,[H]C([H])=[N+]=[N-],-0.27253,0.00693
422,[H]C(C1=CC=CC=C1)=[N+]=[N-],-0.24822,-0.00591
423,[H]C([Si](C)(C)C)=[N+]=[N-],-0.26453,0.01364
424,[N-]=[N+]=C(C1=CC=CC=C1)C2=CC=CC=C2,-0.23959,-0.01082
425,[N-]=[N+]=CC(OCC)=O,-0.29586,-0.01577
426,CC(C=[N+]=[N-])=O,-0.29519,-0.0161
427,O=C(OCC)C(C(OCC)=O)=[N+]=[N-],-0.30949,-0.02818
428,P(C1=CC=CC=C1)(C2=CC=CC=C2)C3=CC=CC=C3,-0.26416,0.00694
429,ClC(C=C1)=CC=C1P(C2=CC=C(Cl)C=C2)C3=CC=C(Cl)C=C3,-0.2753,-0.01067
430,CC(C=C1)=CC=C1P(C2=CC=C(C)C=C2)C3=CC=C(C)C=C3,-0.25533,0.01241
431,COC(C=C1)=CC=C1P(C2=CC=C(OC)C=C2)C3=CC=C(OC)C=C3,-0.2455,0.01244
432,CN(C(C=C1)=CC=C1P(C2=CC=C(N(C)C)C=C2)C3=CC=C(N(C)C)C=C3)C,-0.21449,0.02786
433,CC(C)P(C(C)C)C(C)C,-0.26262,0.07609
434,P(C1CCCCC1)(C2CCCCC2)C3CCCCC3,-0.26007,0.07676
435,CCCCP(CCCC)CCCC,-0.2683,0.08197
436,P(OC1=CC=CC=C1)(OC2=CC=CC=C2)OC3=CC=CC=C3,-0.28971,0.0121
437,CCCCOP(OCCCC)OCCCC,-0.2949,0.06733
438,C[CH-][N+]([O-])=O,-0.02971,0.26969
439,C1=CCCC=C1,-0.26554,0.011
440,C1=CCCCC=C1,-0.26738,0.00793
441,C1=C\CCCC\C=C/1,-0.27323,0.01908
442,C1=CCC=C1,-0.27365,0.0192
443,C=C(O[Si](C)(C)C)C(C)(C)C,-0.27967,0.071
444,C/C(C)=C(O[Si](C)(C)C)\OC,-0.25886,0.07629
445,C/C(C)=C/O[Si](C)(C)C,-0.259,0.07881
446,C/C=C\O[Si](C(C)C)(C(C)C)C(C)C,-0.27265,0.07109
447,C[Si](OC1=C(O[Si](C)(C)C)CCCC1)(C)C,-0.25498,0.07179
448,C=C(C=C)O[Si](C)(C)C,-0.2723,0.01614
449,C=C/C=C/O[Si](C)(C)C,-0.25372,0.027
450,C[Si](OC1=CCCCCC1)(C)C,-0.26245,0.0662
451,C[Si](O/C1=C/CCCCCC1)(C)C,-0.26508,0.06544
452,C/C=C(CC)\O[Si](C)(C)C,-0.27116,0.0712
453,C[Si](OC1=CC=CO1)(C)C,-0.25281,0.06854
454,C[Si](C1CCC=C1)(C)C,-0.27979,0.05852
455,CCCCCC[Si](CCCCCC)(CCCCCC)C1CCC=C1,-0.27773,0.0578
456,C=C(C)C[Si](Cl)(Cl)Cl,-0.3093,0.03127
457,C=CC[Ge](C1=CC=CC=C1)(C2=CC=CC=C2)C3=CC=CC=C3,-0.28506,0.00891
458,C/C(C)=C/C[Sn](CCCC)(CCCC)CCCC,-0.25551,0.056
459,C=C(C)C[Sn](C1=CC=CC=C1)(C2=CC=CC=C2)C3=CC=CC=C3,-0.27137,0.00698
460,C/C(C)=C(C)/C,-0.27317,0.06892
461,C=C(C)CC1=CC=CC=C1,-0.29526,0.02507
462,C=C(C)C1=CC=CC=C1,-0.27832,0.00195
463,C=C(C)C1CC1,-0.28447,0.06058
464,C/C=C\C1=CC=CC=C1,-0.27624,0.00561
465,C1=CCCC1,-0.29365,0.06299
466,C12C=CC(C2)CC1,-0.29337,0.05469
467,CC1=CCC2CC1C2(C)C,-0.27689,0.0597
468,CC1=CCCC1,-0.28204,0.0675
469,C/C=C/C,-0.29261,0.05288
470,CC1=CC=CC=C1,-0.29361,0.02984
471,C=COCC,-0.27958,0.07018
472,C/C(C)=C/OCC,-0.2613,0.07655
473,CC1=CC(C)=CC=C1,-0.28659,0.03286
474,N#C[CH-]C(OCC)=O,-0.05997,0.21552
475,CC=Cc1ccccc1,-0.26837,-0.00241
476,O=C([CH-]C(OCC)=O)OCC,-0.06752,0.21709
477,O=C([C-](C)C(OCC)=O)OCC,-0.05988,0.21405
478,CC([C-](C)C(C)=O)=O,-0.04863,0.22399
479,CC1=CC=CS1,-0.27976,0.02663
480,C=CC1=CC=CC=C1,-0.2792,-0.00614
481,COC1=CC=CC(OC)=C1,-0.26976,0.03246
482,C=CC[Si](C)(C)C,-0.29089,0.05438
483,C=C(OCC)OCC,-0.26285,0.09382
484,C=C(O[Si](C)(C)C)OCCCC,-0.25481,0.07596
485,C=C(O[Si](C)(C(C)(C)C)C)OCCCC,-0.26061,0.07073
486,C/C=C(O[Si](C)(C)C)/O[Si](C)(C)C,-0.24986,0.0698
487,C=CC[Sn](C1=CC=CC=C1)(C2=CC=CC=C2)C3=CC=CC=C3,-0.27637,0.00657
488,CC1=C(O[Si](C)(C)C)OCC1,-0.2394,0.08311
489,O=[N+]([CH-]C)[O-],-0.02972,0.26969
490,[CH2-][N+]([O-])=O,-0.0316,0.2779
491,O=[N+]([C-](C)C)[O-],-0.02872,0.25115
492,O=[N+]([CH-]C1=CC=CC=C1)[O-],-0.05848,0.16329
493,O=[N+]([CH-]C1=CC=C(C)C=C1)[O-],-0.05685,0.16198
494,C=C(C)C[Si](C)(C)C,-0.28264,0.05858
495,O=[N+]([CH-]C1=CC=C([N+]([O-])=O)C=C1)[O-],-0.09416,0.08233
496,O=[N+]([CH-]C1=CC=CC([N+]([O-])=O)=C1)[O-],-0.08257,0.07537
497,O=[N+]([CH-]C1=CC=C(C#N)C=C1)[O-],-0.08593,0.11469
498,[C-]#N,-0.06181,0.39269
499,C=CC1=C(C)C=C(C)C=C1C,-0.26982,0.00847
500,C=CC[Sn](CCCC)(CCCC)CCCC,-0.27247,0.04844
501,[S-]C#N,-0.05614,0.3281
502,[Cl-],-0.00616,0.82852
503,C=C(C)C[Sn](CCCC)(CCCC)CCCC,-0.26859,0.05077
504,[Br-],-0.03059,0.63261
505,C=C(O[Si](C)(C)C)/C=C/OC,-0.24748,0.03044
506,FC1=C([Si](C2=C(C(F)=C(C(F)=C2F)F)F)(OC3=CCCO3)C4=C(C(F)=C(C(F)=C4F)F)F)C(F)=C(F)C(F)=C1F,-0.27183,-0.04515
507,C1(O[Si](C2=CC=CC=C2)(C3=CC=CC=C3)C4=CC=CC=C4)=CCCO1,-0.25165,-0.00047
508,C1(O[Si](C2=CC=CC=C2)(C3=CC=CC=C3)C4=CC=CC=C4)=CCCC1,-0.26725,0.00029
509,O1CCC=C1,-0.26597,0.07432
510,CC(O[Si](C1=C(F)C(F)=C(F)C(F)=C1F)(C2=C(F)C(F)=C(F)C(F)=C2F)C3=C(F)C(F)=C(F)C(F)=C3F)=C,-0.30825,-0.04515
511,FC(C(F)=C(F)C(F)=C1F)=C1[Si](C2=C(F)C(F)=C(F)C(F)=C2F)(OC3=CCCC3)C4=C(F)C(F)=C(F)C(F)=C4F,-0.28961,-0.0423
512,C[Si](OC1=CCCCO1)(C)C,-0.25223,0.08074
513,[O-]N=O,-0.0135,0.30647
514,C[Si](OC1=CCCO1)(C)C,-0.2494,0.07907
515,C=C1CCCC1,-0.29469,0.05085
516,CC1=CC=CO1,-0.27138,0.05828
517,[N-]=[N+]=[N-],-0.01143,0.37787
518,CN1C=CC=C1,-0.25879,0.07678
519,C[Si](OC1=CCCCC1)(C)C,-0.26516,0.07141
520,ClC1=CC=NC=C1,-0.33335,-0.00345
521,N1=CC=CC=C1,-0.32032,0.00827
522,CC1=CC=NC=C1,-0.31639,0.01302
523,COC1=CC=NC=C1,-0.3058,0.01866
524,NC1=CC=NC=C1,-0.27434,0.03007
525,C=C(O[Si](C)(C)C)C,-0.27848,0.07162
526,CN(C1=CC=NC=C1)C,-0.26118,0.0307
527,C1(N2CCCC2)=CC=NC=C1,-0.25781,0.03196
528,COC1=CC=C2C(C=CN2)=C1,-0.2434,0.01905
529,NC1=CC=C2C(C=CN2)=C1,-0.22145,0.02905
530,C=C(O[Si](C)(C)C)C1=CC=CC=C1,-0.26812,0.00363
531,OC1=CC=C2C(C=CN2)=C1,-0.24901,0.01957
532,CC1=CC=C2C(C=CN2)=C1,-0.25259,0.02313
533,ClC1=CC=C2C(C=CN2)=C1,-0.26472,0.00817
534,BrC1=CC=C2C(C=CN2)=C1,-0.26547,0.00662
535,N#CC1=CC=C2C(C=CN2)=C1,-0.27892,-0.00908
536,O=C(C1=CC=C2C(C=CN2)=C1)O,-0.26681,-0.00076
537,CC1=CC2=CC(OC)=CC=C2N1,-0.24077,0.02244
538,CC1=CC=C2C(C=C(C)N2)=C1,-0.24705,0.02641
539,CC1=CC2=CC=CC=C2N1,-0.24901,0.0243
540,ClC1=CC=C2C(C=C(C)N2)=C1,-0.25967,0.01198
541,COC1=C(C=CN2)C2=CC=C1,-0.23971,0.0318
542,C12=CC=CN=C1NC=C2,-0.27043,0.00432
543,CC(C)(C)N=[C],-0.30382,0.03485
544,[C-]#[N+]Cc1ccccc1,-0.31952,0.00668
545,CC1=C(N=[C])C(C)=CC=C1,-0.27189,0.01067
546,Cc1ccc(cc1)[S](=O)(=O)C[N+]#[C-],-0.33169,-0.02424
547,[C]=NC1=CC=C(C#N)C=C1,-0.30411,-0.03772
548,[H]N([H])[H],-0.32321,0.0979
549,C=C(OC1=CC=CC=C1)O[Si](C)(C)C,-0.27768,0.01914
550,[H]N(C)[H],-0.29438,0.09915
551,[H]N(CC)[H],-0.29528,0.09534
552,[H]N(C(C)C)[H],-0.29625,0.08789
553,[H]N(C(C)(C)C)[H],-0.29696,0.07959
554,[H]N(C)C,-0.27813,0.09717
555,[H]N(CC)CC,-0.27915,0.09651
556,[H]N1CCCC1,-0.27008,0.08942
557,[H]N1CCCCC1,-0.27256,0.09058
558,[H]N1CCOCC1,-0.27242,0.09176
559,[H]N1CCNCC1,-0.25133,0.09251
560,C1(N2CCOCC2)=CCCCC1,-0.24903,0.06856
561,[H]N1CCCCCC1,-0.27654,0.08631
562,NCC#N,-0.33875,0.05763
563,OCCN,-0.29224,0.08948
564,NCCN,-0.29215,0.09506
565,NCC#C,-0.30583,0.06908
566,NCC1=CC=CC=C1,-0.28808,0.03181
567,NC1=CC=C(Cl)C=C1,-0.24791,0.02357
568,NC1=CC=CC=C1,-0.24455,0.03825
569,C1(N2CCCCC2)=CCCCC1,-0.2462,0.07032
570,NC1=CC=C(C)C=C1,-0.2371,0.03855
571,NC1=CC=C(OC)C=C1,-0.22679,0.03513
572,CNCC#N,-0.31147,0.05931
573,NCC(OC)=O,-0.30312,0.059
574,NCC(N)=O,-0.29687,0.07319
575,NCCCN,-0.2948,0.09595
576,COC1=CC=CC=C1,-0.27416,0.02795
577,C/C=C\C,-0.29453,0.0596
578,O=S([CH-]C1=CC=C([N+]([O-])=O)C=C1)(C(F)(F)F)=O,-0.11249,0.07853
579,O=S([CH-]C1=CC=C(C#N)C=C1)(C(F)(F)F)=O,-0.10573,0.11515
580,O=S([CH-]C1=CC=C(C(F)(F)F)C=C1)(C(F)(F)F)=O,-0.10052,0.13694
581,O=S([CH-]C1=CC=CC=C1)(C(F)(F)F)=O,-0.08257,0.1634
582,CC(C=C1)=CC=C1[CH-]S(=O)(C(F)(F)F)=O,-0.08051,0.16033
583,N12CCN(CC2)CC1,-0.23919,0.07992
584,N12CCC(CC2)CC1,-0.2623,0.07708
585,C=CC[Si](C1=CC=CC=C1)(C2=CC=CC=C2)C3=CC=CC=C3,-0.28907,0.00742
586,NCC([O-])=O,-0.07555,0.26706
587,CC1=CC(OC)=CC=C1,-0.27025,0.03294
588,NC(C)C([O-])=O,-0.07954,0.25417
589,NC(C(C)C)C([O-])=O,-0.09698,0.21611
590,NC(CC(C)C)C([O-])=O,-0.08672,0.20434
591,NC(CC1=CC=CC=C1)C([O-])=O,-0.10457,0.13617
592,O=C([O-])C1NCCC1,-0.08306,0.21524
593,NC(CO)C([O-])=O,-0.09563,0.22088
594,NC(C(O)C)C([O-])=O,-0.11783,0.23059
595,NC(CC(N)=O)C([O-])=O,-0.10446,0.20958
596,NC(CCC(N)=O)C([O-])=O,-0.09773,0.18792
597,NC(CCCNC(N)=[NH2+])C([O-])=O,-0.17825,-0.01953
598,[H]C#CC1=CC=CC=C1,-0.29077,-0.00496
599,NC(CC1=CNC=N1)C([O-])=O,-0.09227,0.16881
600,NC(CC([O-])=O)C([O-])=O,0.04434,0.40758
601,NC(CCC([O-])=O)C([O-])=O,0.02278,0.36957
602,NC(C[S-])C([O-])=O,0.11216,0.425
603,NC(CCSC)C([O-])=O,-0.09189,0.1834
604,NCCC([O-])=O,-0.08245,0.2211
605,O=C([O-])CCCN,-0.08387,0.20409
606,O=C([O-])CNC(CN)=O,-0.11687,0.20049
607,O=C([O-])CNC(CNC(CN)=O)=O,-0.12697,0.15414
608,O=[N+](C1=CC=C([CH-]C2=CC=C([N+]([O-])=O)C=C2)C=C1)[O-],-0.08755,0.05541
609,C=CO[Si](C(C)C)(C(C)C)C(C)C,-0.28298,0.06502
610,CC1=CC=C(C)N1,-0.24095,0.08208
611,CC1=CC=C(C)N1C,-0.2382,0.08229
612,CC1=CC(C)=CN1,-0.24596,0.08602
613,CC1=C(CC)C(C)=CN1,-0.24187,0.0843
614,N12C(CCCCC2)=NCCC1,-0.25706,0.07656
615,C=C(C)C[Si](C1=CC=CC=C1)(C2=CC=CC=C2)C3=CC=CC=C3,-0.27955,0.00519
616,N12C(CCC2)=NCCC1,-0.25947,0.07789
617,N#C[O-],-0.05262,0.41385
618,O=S([CH-]C1=CC=C([N+]([O-])=O)C=C1)(C2=CC=CC=C2)=O,-0.09737,0.08477
619,O=S([CH-]C1=CC=C(C#N)C=C1)(C2=CC=CC=C2)=O,-0.09015,0.10574
620,O=S([CH-]C1=CC=C(C(F)(F)F)C=C1)(C2=CC=CC=C2)=O,-0.08477,0.11433
621,C=C(C)O[Si](C(C)C)(C(C)C)C(C)C,-0.27812,0.06323
622,[SiH3]C1=CC=CC=C1,-0.30972,0.00835
623,N#C[CH-]C1=CC=C(C(F)(F)F)C=C1,-0.058,0.16326
624,N#C[CH-]C1=CC=C(C#N)C=C1,-0.06626,0.14119
625,N#C[CH-]C1=CC=C([N+]([O-])=O)C=C1,-0.07723,0.10086
626,C[C-](C#N)C1=CC=CC=C1,-0.03212,0.18423
627,C[C-](C#N)C1=CC=C(C#N)C=C1,-0.0632,0.13957
628,C[C-](C#N)C1=CC=C([N+]([O-])=O)C=C1,-0.07357,0.10037
629,[H][B-]([H])([H])[H],-0.10187,0.39748
630,C1([SiH](C2=CC=CC=C2)C3=CC=CC=C3)=CC=CC=C1,-0.30033,0.00602
631,[H][B-](OC(C)=O)(OC(C)=O)OC(C)=O,-0.16454,0.20917
632,[H][B-](C#N)([H])[H],-0.13752,0.29965
633,CC1=C(C(OCC)=O)CC(C(OCC)=O)=C(C)N1,-0.24282,-0.0112
634,O=C(C(CC=C1)=CN1CC2=CC=CC=C2)N,-0.23808,0.00711
635,O=C(C(CC=C1)=CN1C2=CC=CC=C2)N,-0.23753,0.00572
636,CC(C=C1)=CC=C1N2C=C(C(N)=O)CC=C2,-0.23421,0.00805
637,COC(C=C1)=CC=C1N2C=C(C(N)=O)CC=C2,-0.23054,0.01108
638,C12=CC=CC=CC1=CC=C2,-0.24238,-0.04991
639,C/C(C)=C1C=CC=C\1,-0.26369,-0.02572
640,C[SiH](C)C1=CC=CC=C1,-0.30248,0.01571
641,CN(C)C1=CC=C(/C=C2C=CC=C\2)C=C1,-0.23623,-0.03739
642,C12=CC(/C=C3C=CC=C\3)=CC4=C1N(CCC2)CCC4,-0.22985,-0.03637
643,CCOC(=O)C=[P](c1ccccc1)(c2ccccc2)c3ccccc3,-0.23773,-0.00861
644,CCOC(=O)C(C)=[P](c1ccccc1)(c2ccccc2)c3ccccc3,-0.22519,-0.01271
645,N#CC=[P](c1ccccc1)(c2ccccc2)c3ccccc3,-0.23413,-0.01557
646,O=C(C=[P](c1ccccc1)(c2ccccc2)c3ccccc3)c4ccccc4,-0.24106,-0.01253
647,CCOC(=O)[CH-][P](=O)(OCC)OCC,-0.08262,0.21179
648,CCO[P](=O)([CH-]C#N)OCC,-0.07672,0.20734
649,CCOC(=O)[CH-][P](=O)(c1ccccc1)c2ccccc2,-0.09484,0.11905
650,[H][Si](CC)(CC)CC,-0.32994,0.07743
651,N#C[CH-]P(=O)(c1ccccc1)c2ccccc2,-0.08253,0.11743
652,[H][Ge](C1=CC=CC=C1)(C2=CC=CC=C2)C3=CC=CC=C3,-0.30117,0.00873
653,CCC(N)CO,-0.29409,0.08458
654,NCc1ccccc1,-0.28808,0.03181
655,CC(O)CN,-0.29426,0.08269
656,OCCNCCO,-0.29608,0.08058
657,NCCO,-0.29224,0.08948
658,CN1C(N(C)c2ccccc12)c3ccccc3,-0.2151,0.00953
659,COc1ccc(CC2N(C)c3ccccc3N2C)cc1,-0.21896,0.02002
660,CN1C(N(C)c2ccccc12)c3ccc(C)cc3,-0.21364,0.01417
661,COc1ccc2ncccc2c1,-0.26699,-0.02346
662,Cc1ccnc2ccccc12,-0.28326,-0.0237
663,[H][Si](CCCC)(CCCC)CCCC,-0.32465,0.07582
664,C1CN2CCC1CC2Cc3cccc4ccccc34,-0.25803,-0.0088
665,COc1ccc2nccc([C@@H](O)[C@H]3C[C@H]4CCN3C[C@@H]4C=C)c2c1,-0.26288,-0.02136
666,COc1ccc2nccc([C@H](O)[C@@H]3C[C@@H]4CCN3C[C@@H]4C=C)c2c1,-0.26284,-0.0213
667,CC(C)(C)N,-0.29696,0.07959
668,CC(C)N,-0.29625,0.08789
669,NCC=C,-0.29988,0.05228
670,CCCN,-0.29537,0.0963
671,[H][Sn](C1=CC=CC=C1)(C2=CC=CC=C2)C3=CC=CC=C3,-0.30302,0.01021
672,CCCCN,-0.29526,0.09567
673,CCCNCCC,-0.27906,0.09559
674,CCNCC,-0.27915,0.09651
675,C1COCCN1,-0.28628,0.09362
676,C1CCNCC1,-0.27256,0.09058
677,COC(C)NC(C)OC,-0.29846,0.09108
678,[H][Ge](CCCC)(CCCC)CCCC,-0.31718,0.07544
679,[nH]1ccnc1,-0.28423,0.07014
680,Cn1ccnc1,-0.2798,0.06535
681,c1ccc(cc1)n2ccnc2,-0.28369,0.00107
682,Cc1[nH]ccn1,-0.27259,0.0715
683,Cc1c[nH]cn1,-0.27298,0.07485
684,Cc1[nH]cc(C)n1,-0.26274,0.07569
685,C[Si](C)(C)n1ccnc1,-0.27618,0.06576
686,[nH]1cnc2ccccc12,-0.27976,0.01248
687,Cn1cnc2ccccc12,-0.27559,0.01343
688,Cc1[nH]c2ccccc2n1,-0.27239,0.01716
689,Cc1ccc2nc[nH]c2c1,-0.27089,0.01703
690,[H][Sn](CCCC)(CCCC)CCCC,-0.30165,0.0687
691,Cc1[nH]c2cc(C)ccc2n1,-0.26348,0.02141
692,Cc1cc2[nH]cnc2cc1C,-0.26739,0.0192
693,COc1ccc2nc[nH]c2c1,-0.25602,0.01562
694,[nH]1nnc2ccccc12,-0.29905,-0.01361
695,Cn1nnc2ccccc12,-0.29165,-0.01109
696,CCN(CC)CC,-0.26768,0.09759
697,CN1CCCC1,-0.27064,0.09053
698,C1=CC=CCC=C1,-0.27247,-0.00093
699,CN1CCCCC1,-0.27042,0.09281
700,CN1CCOCC1,-0.2781,0.09574
701,N1(CCCC1)C2=CCCC2,-0.22157,0.08565
702,O=C1[N-]C(=O)c2ccccc12,-0.11673,0.12748
703,N1(CCCCC1)C2=CCCC2,-0.23736,0.0796
704,O=C1CCC(=O)[N-]1,-0.10485,0.22933
705,O=C1[N-]C(=O)C=C1,-0.10172,0.14779
706,[NH-]C(=O)C(F)(F)F,-0.07238,0.28265
707,C[N-]C(=O)C(F)(F)F,-0.07483,0.26838
708,CC1(C)CCC(=O)[N-]C1=O,-0.107,0.20682
709,CC(=O)[N-]C(C)=O,-0.09168,0.23079
710,N#C[NH-],-0.01799,0.31239
711,Cc1ccc(cc1)[S]([NH-])(=O)=O,-0.08742,0.14737
712,C[S]([NH-])(=O)=O,-0.06984,0.2667
713,O=C1C[N-]C(=O)N1,-0.07349,0.23263
714,N1(CCCC1)C2=CCCCC2,-0.22056,0.08283
715,O=C1[N-]CCO1,-0.05752,0.2544
716,O=C1[N-]C(CO1)Cc2ccccc2,-0.08155,0.1376
717,CCOC(=O)[N-]C(C)=O,-0.10661,0.21984
718,CCOC(=O)C=[S](C)C,-0.24411,0.06265
719,C[S](C)=CC#N,-0.24468,0.0578
720,CCOC(=O)[CH-][S](C)(=O)=O,-0.07954,0.2132
721,CCOC(=O)[CH-][S](C)=O,-0.06984,0.21591
722,[O-]C(=O)[C@@H]1CCCN1C2=CCCCC2,-0.07937,0.18998
723,C1CCC(=CC1)N2CCCC2,-0.22056,0.08283
724,COC(=O)[C@@H]1CCCN1C2=CCCCC2,-0.23307,0.05765
725,N1(CCOCC1)C2=CCCC2,-0.24365,0.07715
726,O=C1[N-]C=CC=C1,-0.05102,0.20766
727,O=C1C=C[N-]C=C1,-0.06277,0.21319
728,O=C1[N-][S](=O)(=O)c2ccccc12,-0.13638,0.12006
729,C[S](C)=O,-0.2842,0.08612
730,C[S](C)=CC(=O)c1ccc(Br)cc1,-0.2448,0.00043
731,C[S](C)=CC(=O)c1ccccc1,-0.23868,0.01193
732,CN(C1=CC=CC=C1)C2=CCCC2,-0.23105,0.02441
733,COc1ccc(cc1)C(=O)C=[S](C)C,-0.23457,0.02047
734,CN(C)c1ccc(cc1)C(=O)C=[S](C)C,-0.22131,0.02877
735,C[S](C)=Cc1ccc(cc1)[N+]([O-])=O,-0.22511,-0.01625
736,C[S](C)=Cc1ccc(cc1)C#N,-0.2192,0.00943
737,C[S](C)(=C)=O,-0.24782,0.07139
738,C[Si](C)(C)[Si](CC=C)([Si](C)(C)C)[Si](C)(C)C,-0.27929,0.03672
739,CC(=C)C[Si]([Si](C)(C)C)([Si](C)(C)C)[Si](C)(C)C,-0.27906,0.03692
740,CC(=C)O[Si]([Si](C)(C)C)([Si](C)(C)C)[Si](C)(C)C,-0.26627,0.02493
741,C[Si](C)(C)[Si](OC1=CCCCC1)([Si](C)(C)C)[Si](C)(C)C,-0.25832,0.02633
742,C[Si](C)(C)[Si](OC=C)([Si](C)(C)C)[Si](C)(C)C,-0.26233,0.01873
743,CN(C1=CC=CC=C1)C2=CCCCC2,-0.23799,0.03631
744,CN1CCN2CCN(C)c3cncc1c23,-0.22349,0.04303
745,CCN1CCN2CCN(CC)c3cncc1c23,-0.22259,0.04317
746,C1CN(Cc2ccccc2)c3cncc4N(CCN1c34)Cc5ccccc5,-0.22608,0.01651
747,CC(=O)N1CCN2CCN(C(C)=O)c3cncc1c23,-0.25801,0.02122
748,O=C(N1CCN2CCN(C(=O)c3ccccc3)c4cncc1c24)c5ccccc5,-0.25742,-0.01572
749,C/C(C)=C/N1CCOCC1,-0.23543,0.0742
750,C=CN1C2=C(C=CC=C2)C3=C1C=CC=C3,-0.25223,-0.00773
751,CC(C)[Si](C(C)C)(C(C)C)N1C=CC=C1,-0.2575,0.06726
752,C1(C=CC=C2)=C2NC=C1,-0.25496,0.0207
753,CC([O-])=O,-0.07281,0.28293
754,[O-]C(=O)c1ccccc1,-0.10895,0.16224
755,[O-]C(=O)c1ccc(cc1)[N+]([O-])=O,-0.13266,0.06476
756,[O-]C(=O)c1cc(cc(c1)[N+]([O-])=O)[N+]([O-])=O,-0.14912,0.0456
757,CN1C2=C(C=CC=C2)C=C1,-0.25014,0.02093
758,COC([O-])=O,-0.0934,0.2708
759,C1CSC2=NCCN2C1,-0.26518,0.0535
760,C1CN2CCN=C2S1,-0.26028,0.06542
761,C1CN2C(=N1)Sc3ccccc23,-0.24479,0.01472
762,C1CSC2=NCCCN2C1,-0.26138,0.05636
763,C1CN=C2SCCN2C1,-0.26902,0.06595
764,C1CN=C2Sc3ccccc3N2C1,-0.24509,0.01672
765,C1CN2C(=N[C@H]1c3ccccc3)Sc4ccccc24,-0.24955,0.01296
766,CC(C)[C@@H]1CN2C(=N[C@H]1c3ccccc3)Sc4ccccc24,-0.24668,0.01486
767,CN1C2=C(C=CC=C2)C=C1C,-0.24495,0.02406
768,C1CN2C(=N[C@@H]1C(c3ccccc3)c4ccccc4)Sc5ccccc25,-0.24833,0.01374
769,CC(C)[C@H]1CCN2C(=N1)Sc3ccccc23,-0.24621,0.01568
770,CC(C)(C)[C@H]1CCN2C(=N1)Sc3ccccc23,-0.24619,0.01563
771,CCCC(C)=C,-0.29871,0.06131
772,CC([O-])=S,-0.03773,0.25371
773,CCOC([S-])=S,-0.05356,0.19895
774,CC(C)OC([S-])=S,-0.05665,0.19393
775,CN(CC1)CCN1C2=CCCCC2,-0.24545,0.07152
776,CN(C)C([S-])=S,-0.04385,0.21212
777,[S-]C(=S)N1CCCC1,-0.0474,0.20163
778,[S-]C(=S)N1CCCCC1,-0.05177,0.19314
779,CN1CCN(CC1)C([S-])=S,-0.05401,0.1872
780,[S-]C(=S)N1CCOCC1,-0.0567,0.19144
781,C/C=C\N1CCOCC1,-0.24187,0.07352
782,C/C=C/N1CCOCC1,-0.24703,0.07603
783,C1CCN(CC1)C2=CCCCC2,-0.2462,0.07032
784,C[Si](C)(C)OC1=CCCO1,-0.2494,0.07907
785,C[Si](C)(C)OC1=CCCCO1,-0.25223,0.08074
786,CN(CC1)CC=C1N2CCOCC2,-0.24873,0.06929
787,COC(O[Si](C)(C)C)=C(C)C,-0.25886,0.07629
788,NN,-0.305,0.09414
789,CNN(C)C,-0.27943,0.09073
790,CN(C)N,-0.27725,0.08654
791,Cc1oc(cc1)B2OC(C)(C)C(C)(C)O2,-0.26779,0.02619
792,CN1CCOB(OCC1)c2oc(C)cc2,-0.25046,0.06074
793,CN1CC(=O)OB(OC(=O)C1)c2oc(C)cc2,-0.28375,-0.0084
794,Cc1oc(cc1)[B-](F)(F)F,-0.11121,0.20622
795,C1(/C=C/N2CCOCC2)=CC=CC=C1,-0.23753,0.01231
796,Cc1oc(cc1)[B-](c2oc(C)cc2)(c3oc(C)cc3)c4oc(C)cc4,-0.11337,0.1869
797,Cc1oc(cc1)[B-]23OCC(C)(CO2)CO3,-0.11273,0.20535
798,[BH3-][C+]1N(C=CN1c2c(cccc2C(C)C)C(C)C)c3c(cccc3C(C)C)C(C)C,-0.28485,0.01441
799,[BH3-][C+]1N(C)C=CN1C,-0.28214,0.05024
800,[n-]1ccnc1,-0.04722,0.31093
801,Cc1[n-]ccn1,-0.04425,0.27261
802,Cc1c[n-]cn1,-0.04589,0.26116
803,Cc1[n-]cc(C)n1,-0.04334,0.25988
804,[O-][N+](=O)c1c[n-]cn1,-0.10463,0.14696
805,O=Cc1[n-]ccn1,-0.08164,0.18667
806,C=C(C1=CC=CC=C1)N2CCOCC2,-0.25033,0.00775
807,O=Cc1c[n-]cn1,-0.08801,0.1845
808,[n-]1cnc2ccccc12,-0.08271,0.19104
809,[n-]1nnc2ccccc12,-0.09546,0.16994
810,[n-]1cnc2ncncc12,-0.10954,0.16868
811,CN1C(=O)N(C)c2nc[n-]c2C1=O,-0.09286,0.18619
812,Nc1ncnc2nc[n-]c12,-0.08537,0.19827
813,O=C1NC(=O)C=C[N-]1,-0.08442,0.19515
814,CC1=C[N-]C(=O)NC1=O,-0.07953,0.19442
815,CN1C=CC(=O)[N-]C1=O,-0.1035,0.18474
816,CN(/C=C/C(OCC)=O)C,-0.25474,0.03377
817,NC1=Nc2nc[n-]c2C(=O)N1,-0.07133,0.18626
818,Cn1cnc2C(=O)[N-]C(=Nc12)N,-0.07554,0.19788
819,NC1=Nc2n(cnc2C(=O)[N-]1)[C@@H]3O[C@H](CO)[C@@H](O)[C@H]3O,-0.09563,0.14689
820,O=C(/C=C/N1CCOCC1)OCC,-0.26235,0.02324
821,CC(=O)NC(=C)c1ccccc1,-0.27312,0.00136
822,CC(=O)NC(=C)c1ccc(C)cc1,-0.26624,0.00409
823,COc1ccc(cc1)C(=C)NC(C)=O,-0.25485,0.00921
824,CC(=O)NC(=C)c1ccc(Cl)cc1,-0.27413,-0.00686
825,Clc1ccc(cc1)C(=C)NC(=O)Oc2ccccc2,-0.27957,-0.01148
826,C=C(NC(=O)c1ccccc1)c2ccccc2,-0.27398,-0.01729
827,CC(=O)NC(=C)c1ccc2ccccc2c1,-0.25906,-0.01552
828,CC(=O)NC1=CCCc2ccccc12,-0.26151,-0.00073
829,CC(=O)NC1=CCCCC1,-0.26363,0.04208
830,C1=CCC=CC1,-0.28479,0.05452
831,CC(=O)NC1=CCCC1,-0.26085,0.04248
832,CC(=O)NC(=C)C(C)(C)C,-0.27517,0.04107
833,C1(C=CC=C2)=C2CC=CC1,-0.28261,0.02587
834,[H]C1([H])C2=C(C=CC=C2)CC3=C1C=CC=C3,-0.29007,0.01958
835,CN(C)C(=N)N(C)C,-0.2725,0.08449
836,CN(C)C(=NCc1ccccc1)N(C)C,-0.26499,0.0379
837,CN1CCN(C)C1=N,-0.26594,0.08972
838,CN1CCN(C)C1=NCc2ccccc2,-0.26275,0.03803
839,C1CN2CCN=C2N1,-0.24396,0.08722
840,C1CN=C2NCCN2C1,-0.25653,0.08586
841,CN1CCCN2CCCN=C12,-0.24992,0.0716
842,C/C=C/C([H])([H])/C=C/C,-0.29174,0.04652
843,C1CNC2=NCCCN2C1,-0.25002,0.07312
844,C1CN=C2CCCN2C1,-0.25869,0.075
845,N1(CCCC1)/C=C/C2=CC=CC=C2,-0.22012,0.01945
846,C[Si](C)(C)OC([C@@H]1CCCN1C=Cc2ccccc2)(c3ccccc3)c4ccccc4,-0.2243,0.01456
847,CN1C(=O)[C@H](Cc2ccccc2)N(C=Cc3ccccc3)C1(C)C,-0.24041,0.00635
848,CN1C(=O)[C@H](Cc2ccccc2)N(C=Cc3ccccc3)C14CCCC4,-0.23676,0.00634
849,CN1[C@H](N(C=Cc2ccccc2)[C@@H](Cc3ccccc3)C1=O)C(C)(C)C,-0.2372,0.00766
850,CCCC1C=CCC1,-0.29359,0.05801
851,Cc1cc(C)c(N2C=CN(C2=Cc3ccccc3)c4c(C)cc(C)cc4C)c(C)c1,-0.19271,0.01814
852,C1(C=CC=C2)=C2OC(C=CC=C3)=C3C1,-0.26241,0.01059
853,C[Si](C)(C)OC(=C)c1c(F)c(F)c(F)c(F)c1F,-0.29468,-0.01878
854,C[Si](C)(C)OC(=C)C(F)(F)F,-0.31127,0.03699
855,C[Si](C)(C)OC(=C)C(F)(F)C(F)(F)C(F)(F)C(F)(F)C(F)(F)F,-0.31547,0.02759
856,CC(=C)O[Si](c1ccccc1)(c2ccccc2)c3ccccc3,-0.28225,0.00016
857,CC(C)C(=C)O[Si](C)(C)C,-0.27941,0.06937
858,CC(=C)O[Si](C)(C)C(C)(C)C,-0.27923,0.07023
859,CC=CC(C)([H])C=CC,-0.29117,0.04826
860,CCCCOC=C,-0.27938,0.07048
861,CC#N,-0.39533,0.08347
862,C=CC(C)([H])C=C,-0.31132,0.03812
863,C1CN(CCO1)c2ccncc2,-0.27206,0.02412
864,CN(C)c1ccncc1Br,-0.2734,0.00957
865,Nc1c(Br)cncc1Br,-0.28823,0.00128
866,CC(=O)Nc1ccncc1,-0.30173,0.00544
867,CNN,-0.28414,0.09075
868,CNNC,-0.24859,0.09789
869,NNC=O,-0.32524,0.07741
870,CN(C)NC=O,-0.31306,0.07609
871,C=CCC=C,-0.31209,0.03556
872,CC(C)(C)OC(=O)NN,-0.32195,0.07975
873,NNC(=O)c1ccccc1,-0.31586,-0.00842
874,NO,-0.3175,0.10134
875,CNO,-0.29829,0.09955
876,N,-0.32321,0.0979
877,CN,-0.29438,0.09915
878,CNC,-0.27813,0.09717
879,CN(C)C,-0.26965,0.09115
880,C[SiH](C)C,-0.35538,0.08642
881,CC[SiH](C)C,-0.33587,0.08593
882,CC(C)C1=CC=C(C)C=C1,-0.28271,0.03051
883,CC[SiH](C)CC,-0.33056,0.08434
884,C[SiH](C)c1ccc(C)cc1,-0.29096,0.01903
885,COc1ccc(cc1)[SiH](C)C,-0.27296,0.02326
886,C[SiH](C)c1ccc(Cl)cc1,-0.29713,0.00513
887,C[SiH](c1ccccc1)c2ccccc2,-0.29978,0.01126
888,C[SiH2]c1ccccc1,-0.3058,0.01194
889,[SiH2](c1ccccc1)c2ccccc2,-0.30301,0.00702
890,CCC[SiH](CCC)CCC,-0.32814,0.07633
891,CC(C)[SiH](C(C)C)C(C)C,-0.3145,0.07937
892,CCCCCC[SiH](CCCCCC)CCCCCC,-0.32207,0.0762
893,C=CCC1=CC=CC=C1,-0.29492,0.02508
894,CCCCCC[SiH2]CCCCCC,-0.32763,0.08145
895,CCCCCC[SiH3],-0.34568,0.07353
896,C[SiH](C)CCl,-0.32858,0.06488
897,C[SiH](C)Cc1ccccc1,-0.28146,0.02873
898,C[SiH](C)Cl,-0.35341,0.07569
899,C[SiH](Cl)Cl,-0.36772,0.0649
900,C[SiH](C)O[Si](C)(C)C,-0.33181,0.07022
901,C[Si](C)(C)[SiH]([Si](C)(C)C)[Si](C)(C)C,-0.28473,0.04865
902,C[SiH](C)CC(C)(C)C,-0.33275,0.07956
903,C[SiH](C)C[Si](C)(C)C,-0.32734,0.07314
